t_ms,n,p50_ns,p90_ns,p99_ns,max_ns
11400.0,1,14167,14167,14167,14167
11600.0,2,12583,19666,19666,19666
12000.0,2050,2209,3916,11375,208084
12200.0,3357,2375,3667,9083,175792
12400.0,3139,2625,4125,38334,253834
12600.0,1236,4959,7209,57042,152625
12800.0,1209,4709,7000,54334,629333
13000.0,921,6375,10209,84583,606583
13200.0,990,6167,9125,96042,181375
13400.0,1222,5209,7500,59833,261167
13600.0,1156,5500,7916,68375,207500
13800.0,1271,5000,7500,60083,206542
14000.0,2378,3166,5375,21875,157542
14200.0,2849,3083,4708,60459,148375
14400.0,2496,3166,4834,28417,976417
14600.0,2503,2792,4333,46375,144125
14800.0,2512,2875,4542,37000,166042
15000.0,2567,2833,4458,31125,189625
15200.0,1175,4875,9166,60875,132041
15400.0,950,5667,8834,73750,155625
15600.0,962,5459,7833,71708,156625
15800.0,925,5791,8583,68167,103541
16000.0,807,6542,9500,64542,228834
16200.0,914,5542,8750,79291,213834
16400.0,810,6625,9667,94084,164792
16600.0,878,6125,9042,80250,174958
16800.0,987,5459,7666,56875,137792
17000.0,768,6875,11583,79041,167709
17200.0,770,6792,10500,73334,175000
17400.0,900,5875,8625,73375,144750
17600.0,790,6667,9875,78834,196000
17800.0,799,6666,9791,98167,1681000
18000.0,1005,5333,7875,50834,146167
18200.0,724,7250,11750,84875,356916
18400.0,749,7166,11167,95375,209625
18600.0,930,5542,8291,47667,117458
18800.0,1712,3834,6583,55500,161875
19000.0,2529,2916,4250,31916,229750
19200.0,2533,2875,4541,34583,139417
19400.0,2415,3083,4750,16333,190333
19600.0,2789,2625,4125,14417,125541
19800.0,2358,3000,5083,42583,188708
20000.0,2598,2750,4292,38459,309625
20200.0,2872,2542,3834,21083,138791
20400.0,1929,3083,5708,21500,107791
20600.0,1066,4709,7791,59750,141875
20800.0,974,5333,8333,79958,155792
21000.0,1058,4917,7250,71166,136584
21200.0,1012,5125,8584,40292,156875
21400.0,886,6292,9167,83250,183916
21600.0,1063,5084,7125,52417,106292
21800.0,1088,4875,7042,66125,485875
22000.0,1052,4792,6750,58584,108833
22200.0,1049,5000,7000,31500,121042
22400.0,1048,5083,7250,71833,129583
22600.0,1022,5208,7750,65458,131208
22800.0,1034,5166,7541,68625,126417
23000.0,1058,4958,6750,61709,110625
23200.0,1115,4792,6958,53833,144333
23400.0,1068,4750,6709,32250,150084
23600.0,1050,4875,7375,58625,120708
23800.0,1033,4958,7291,67500,155625
24000.0,991,5125,7291,77958,3010792
24200.0,1037,5083,7458,76250,133625
24400.0,1308,4417,6667,67250,157333
24600.0,2930,2459,3625,16292,152000
24800.0,2936,2500,3708,22209,159167
25000.0,2751,2666,4125,15709,165083
25200.0,2914,2500,3750,15750,147125
25400.0,2803,2625,4042,35500,138958
25600.0,1848,3292,5792,24375,176625
25800.0,677,6542,13542,75083,224708
26000.0,172,11292,36375,91167,300500
26200.0,541,8000,15458,90542,302333
26400.0,1014,5042,8125,76250,141417
26600.0,987,5208,8166,73292,163458
26800.0,862,6042,10625,44542,129250
27000.0,790,7000,10042,86250,181166
27200.0,894,5792,9416,84000,170166
27400.0,991,5166,7667,71167,175917
27600.0,1077,4916,7208,74209,178291
27800.0,1032,5000,6875,44542,146833
28000.0,883,5208,11667,92583,291959
28200.0,692,7292,12833,106125,221708
28400.0,780,6333,10250,102875,259542
28600.0,946,5125,7667,86666,156875
28800.0,1030,4750,7125,56333,149542
29000.0,1059,4917,6958,59792,129584
29200.0,1209,4875,7292,45500,81750
29400.0,2394,2958,4875,22958,346083
29600.0,2553,2792,4333,24500,150000
29800.0,2717,2583,4000,16083,145208
30000.0,2805,2625,4083,20667,184292
30200.0,2388,2959,4834,30959,194875
30400.0,2826,2542,3958,41917,134208
30600.0,2969,2500,3833,37084,142750
30800.0,2373,2709,4792,39166,94917
31000.0,1032,5083,7292,42334,151042
31200.0,1057,4875,6958,63917,120667
31400.0,1044,4916,7209,73125,122583
31600.0,1065,4625,6792,65583,150125
31800.0,1086,4833,6792,55084,114875
32000.0,1057,4917,7166,51750,118500
32200.0,1040,4959,7417,68208,107167
32400.0,1058,4708,6875,75000,151459
32600.0,1028,5000,7083,42458,105208
32800.0,971,5333,8416,49666,249542
33000.0,883,5875,8916,56042,104000
33200.0,981,5375,8250,65166,137166
33400.0,887,5875,9959,74791,159916
33600.0,976,5208,7542,64500,191000
33800.0,894,5375,8334,64292,138500
34000.0,602,7583,14334,92500,195500
34200.0,679,7542,13375,87541,203459
34400.0,1045,5083,8125,71250,148292
34600.0,786,6542,10542,77959,158958
34800.0,834,6333,11000,75667,155083
35000.0,830,6625,10875,70167,203833
35200.0,604,8041,15792,115709,175375
35400.0,1475,3625,9250,58250,258291
35600.0,2261,3167,5500,36166,251833
35800.0,2236,3042,5292,41250,254750
36000.0,2045,3291,5958,44334,268750
36200.0,1821,3875,7042,67125,214875
36400.0,2323,3041,5375,64750,6300459
36600.0,1185,3959,8542,70916,471625
36800.0,1892,3333,5834,32750,151334
37000.0,1675,3333,6208,43250,175333
37200.0,884,5875,9291,77666,295375
37400.0,952,5459,8250,60416,193375
37600.0,991,5250,7583,31958,144084
37800.0,1017,5084,7417,64459,115208
38000.0,904,5750,8917,62333,118750
38200.0,780,6917,11209,87459,200209
38400.0,835,6166,9584,81500,186625
38600.0,638,7792,18416,124333,200500
38800.0,667,8125,13083,99792,181458
39000.0,789,6625,10542,72958,128666
39200.0,936,5542,8458,61708,117541
39400.0,940,5625,7875,75041,175208
39600.0,965,5375,7542,70875,161541
39800.0,948,5375,8042,66375,123208
40000.0,888,5750,9000,105792,200334
40200.0,962,5334,7834,73584,212833
40400.0,906,5708,8375,71417,98459
40600.0,1997,3000,5666,19250,131625
40800.0,2450,2958,4333,62000,156542
41000.0,2496,2833,4541,43458,175667
41200.0,2485,2959,4667,35333,205084
41400.0,2680,2708,4250,43625,162959
41600.0,2508,2792,4291,24750,104250
41800.0,2203,3166,5083,63708,194834
42000.0,2480,3000,4625,20875,144208
42200.0,2190,2958,5250,27417,130833
42400.0,771,6708,10333,82292,187583
42600.0,927,5500,8667,59583,102666
42800.0,1047,5041,7292,64292,153542
43000.0,848,5750,8458,50792,196250
43200.0,811,6417,10041,70708,212167
43400.0,1031,5166,7667,70875,124125
43600.0,975,5333,7666,67500,143208
43800.0,1040,4959,7333,60833,102000
44000.0,919,5583,8250,71583,181959
44200.0,706,6666,12459,93750,359625
44400.0,843,6375,9209,86333,196500
44600.0,1001,5125,7458,62667,174584
44800.0,897,5708,8791,73709,237000
45000.0,885,5792,9000,82666,193625
45200.0,931,5667,8042,73459,201958
45400.0,942,5708,8042,64584,95625
45600.0,887,5542,9500,73250,188333
45800.0,286,8083,23875,120500,131166
46000.0,505,8584,22750,136000,295208
46200.0,883,5625,9500,61125,138750
46400.0,810,6209,10250,66292,232750
46600.0,583,7708,16833,98791,301041
46800.0,1063,4791,7458,66875,176583
47000.0,959,5125,7958,61583,231792
47200.0,2040,3083,5958,44042,282625
47400.0,2436,3000,4750,24458,137834
47600.0,2146,3250,5417,54750,206875
47800.0,2497,2875,4458,20542,136125
48000.0,2482,2959,4416,22833,248083
48200.0,2452,2833,4375,45000,166500
48400.0,2300,3042,5166,33542,203708
48600.0,844,6166,11250,88625,296083
48800.0,825,5875,11958,78583,287208
49000.0,681,7875,12375,104500,166208
49200.0,978,5459,8458,20750,121917
49400.0,983,5375,8083,73541,152375
49600.0,862,5833,8625,77708,189708
49800.0,999,5125,7833,65167,123875
50000.0,991,5208,7666,70334,119166
50200.0,984,5125,7209,64375,163500
50400.0,990,5291,8167,64875,121084
50600.0,967,5333,7708,66291,128125
50800.0,966,5375,8166,53542,110291
51000.0,1002,5250,7792,64667,113625
51200.0,972,5375,7917,60625,123833
51400.0,962,5416,8167,63417,91667
51600.0,989,5334,7500,38542,127250
51800.0,1013,5125,7167,74959,129083
52000.0,2627,2334,3500,28500,142167
52200.0,2589,2750,4292,27708,232708
52400.0,2778,2542,4000,23625,128000
52600.0,2849,2500,3750,21625,133666
52800.0,2612,2750,4208,43083,144250
53000.0,2752,2708,4042,18875,133959
53200.0,2740,2709,4125,27375,111625
53400.0,2249,2875,4917,37333,149500
53600.0,978,5334,7666,62042,116750
53800.0,977,5458,7666,63500,142000
54000.0,989,5291,7708,59375,106000
54200.0,933,5292,8042,65666,136917
54400.0,859,5875,9167,78375,162750
54600.0,778,6209,12833,87125,456458
54800.0,485,9958,27542,147958,316042
55000.0,851,5875,11250,62666,169291
55200.0,1101,4750,6666,46167,112417
55400.0,884,5750,8500,66250,240416
55600.0,864,6208,9084,62209,174167
55800.0,804,6417,11416,92958,196292
56000.0,800,6541,9916,85917,207500
56200.0,867,6042,8458,70125,135375
56400.0,865,5667,9541,76458,159750
56600.0,819,6333,9916,91083,219292
56800.0,634,7250,17042,106208,574375
57000.0,646,7833,12208,95500,160042
57200.0,888,5792,9125,76417,161667
57400.0,1004,5042,7458,69459,148458
57600.0,884,5750,8667,65125,93542
57800.0,961,5542,7917,61792,98834
58000.0,961,5375,8208,67834,255209
58200.0,884,5750,8291,80875,177125
58400.0,1958,3417,5833,54583,151708
58600.0,1769,3916,7250,75209,378375
58800.0,1857,3917,7250,88666,200958
59000.0,2722,2791,4375,34458,106167
59200.0,1946,3709,6791,71333,172500
59400.0,1877,3792,6375,61792,210500
59600.0,2547,2916,4625,42958,166167
59800.0,1890,2792,6041,55958,163833
60000.0,844,6084,9750,96750,178166
60200.0,822,6209,8958,68958,185875
60400.0,1088,4708,6333,57417,111791
60600.0,949,5208,7875,57084,124959
60800.0,977,5042,7875,77667,143917
61000.0,980,5333,7583,43792,152542
61200.0,937,5292,8083,74083,207125
61400.0,900,5750,8417,52291,133417
61600.0,793,6291,11041,80666,173125
61800.0,968,5291,7750,59792,127667
62000.0,722,6167,14583,88375,161875
62200.0,436,10125,25917,106875,267500
62400.0,928,5584,9917,72375,182417
62600.0,1025,5208,8083,65584,130958
62800.0,780,6875,10084,88292,209375
63000.0,645,7959,12916,91959,196792
63200.0,643,8292,16958,100625,155250
63400.0,651,8125,13208,103708,216292
63600.0,1850,2917,7417,53209,136292
63800.0,2579,2875,4500,36334,161000
64000.0,2267,2875,4417,28000,14735625
64200.0,2210,3125,5625,53250,285750
64400.0,1184,5125,10750,139250,502209
64600.0,1239,4875,10000,107375,418041
64800.0,1299,3750,6916,106125,4497250
65000.0,1528,4459,8833,79916,321292
65200.0,2307,3166,5375,45625,220542
65400.0,2288,3166,4833,20958,187708
65600.0,1664,3208,5000,60792,147333
65800.0,1464,3917,7875,59708,251292
66000.0,710,7417,11875,55542,213792
66200.0,717,7125,11458,80584,196083
66400.0,682,7958,13916,115750,444375
66600.0,583,8708,21041,122125,242333
66800.0,747,6875,12875,81875,154166
67000.0,743,7125,11125,93458,222208
67200.0,620,8000,14459,116625,133208
67400.0,670,7792,12417,111500,162875
67600.0,941,5458,7792,58625,118334
67800.0,807,6500,9500,84791,206542
68000.0,819,6291,9875,88792,164709
68200.0,932,5583,8625,75042,104125
68400.0,883,6000,8500,69000,163667
68600.0,863,5959,8875,88833,159208
68800.0,875,5916,8625,63625,162125
69000.0,931,5500,8041,89167,133166
69200.0,819,6083,11000,94041,217791
69400.0,577,9208,15333,96708,228458
69600.0,780,6792,11875,69959,282917
69800.0,1099,4792,7041,67750,161250
70000.0,912,5833,8292,73042,132875
70200.0,817,6375,9875,82834,268834
70400.0,922,5708,9208,63834,260292
70600.0,514,9250,22833,202875,792791
70800.0,548,8625,20375,158291,409292
71000.0,966,5250,8084,51000,132792
71200.0,2788,2583,4083,22666,126792
71400.0,2768,2584,3875,35583,170375
71600.0,2251,3166,4958,19250,215917
71800.0,2738,2625,4167,21084,195208
72000.0,2383,2750,4750,43167,162333
72200.0,1949,3667,6000,69000,184042
72400.0,1535,3958,7125,39375,147042
72600.0,823,6083,9583,78667,114708
72800.0,912,5750,8583,76333,186291
73000.0,862,6042,9583,74167,161959
73200.0,802,6625,11166,78458,169958
73400.0,760,6792,10375,90042,161625
73600.0,995,5292,7792,83583,126792
73800.0,940,5417,7791,75250,187750
74000.0,951,5458,7792,65542,188584
74200.0,900,5834,8459,73875,142292
74400.0,864,5958,8917,76625,170292
74600.0,900,5666,8125,69875,172292
74800.0,891,5709,8625,82334,144417
75000.0,928,5666,7959,57458,140875
75200.0,866,6000,9875,70209,131917
75400.0,788,6542,10500,71417,136042
75600.0,806,5750,10125,97416,264500
75800.0,797,6375,10417,89750,194791
76000.0,1519,3834,6000,49333,197667
76200.0,2877,2500,3792,19958,132791
76400.0,2892,2583,3917,21708,134000
76600.0,2873,2541,3917,32958,142542
76800.0,2804,2583,4084,36416,175417
77000.0,2738,2667,4250,38500,161250
77200.0,2844,2625,3917,31833,118250
77400.0,2864,2625,4042,23125,168834
77600.0,1311,4458,7083,51709,103708
77800.0,1052,4958,7458,49958,186667
78000.0,1019,4917,7417,54417,131750
78200.0,945,4959,10291,96291,357834
78400.0,692,7084,11375,77666,346333
78600.0,729,7083,10959,73000,172959
78800.0,873,6041,8625,74458,171417
79000.0,983,5291,8250,60958,145208
79200.0,777,6542,10833,72417,263167
79400.0,637,8125,12334,104000,187500
79600.0,942,5542,8458,80542,216083
79800.0,966,5292,7458,63125,155375
80000.0,897,5958,9250,82250,156875
80200.0,892,5625,8708,68708,166667
80400.0,932,5541,7750,79541,221000
80600.0,916,5625,8083,83083,133208
80800.0,861,6292,9000,53458,163750
81000.0,730,7167,11208,101333,236250
81200.0,855,6041,9292,74959,116875
81400.0,906,5708,8333,70083,200208
81600.0,850,5916,9000,95583,286875
81800.0,787,6750,11500,90166,261500
82000.0,764,6375,12125,81000,226584
82200.0,906,5708,8542,79375,159458
82400.0,2072,3083,5875,28916,142583
82600.0,1874,3042,4875,42542,102333
82800.0,2539,2750,4375,45166,147750
83000.0,2112,3250,5958,75334,233292
83200.0,2218,3250,5084,23750,157500
83400.0,2852,2500,3833,33667,123000
83600.0,2646,2583,4292,17375,112958
83800.0,992,5125,7375,43667,176125
84000.0,1015,5291,7792,61875,159833
84200.0,1007,5166,7500,56042,155708
84400.0,1061,4666,6667,49291,80041
84600.0,1022,4916,7000,61500,152333
84800.0,1026,5042,7416,62000,132959
85000.0,943,5500,8000,51208,141250
85200.0,999,5250,8167,64416,137833
85400.0,1020,5167,7541,64292,136875
85600.0,1053,5084,7750,59708,109959
85800.0,1033,5125,7833,70541,180000
86000.0,983,5250,7833,63709,152875
86200.0,966,5459,7917,63167,112666
86400.0,1039,4959,7209,67542,182958
86600.0,1055,4916,7500,62041,134417
86800.0,1624,3584,6250,39958,165459
87000.0,2759,2625,4083,15458,158708
87200.0,2603,2708,4375,33250,197250
87400.0,2763,2625,4208,40875,161875
87600.0,2759,2584,4125,48083,171792
87800.0,2800,2500,3833,23708,173875
88000.0,2843,2541,3959,32625,125958
88200.0,2912,2583,4041,23041,122709
88400.0,1186,4708,8584,57583,167375
88600.0,947,5417,8875,70375,150208
88800.0,1064,4750,7125,58916,130166
89000.0,1021,5125,7791,79583,161167
89200.0,1013,4958,7250,66833,155792
89400.0,1019,5042,7541,59042,150625
89600.0,1000,5208,8000,63041,103833
89800.0,859,5333,10959,69625,185458
90000.0,610,8000,12416,115917,224666
90200.0,895,5542,9042,83500,142166
90400.0,1054,5041,7084,45625,117917
90600.0,878,5750,8333,69500,120375
90800.0,885,5833,8958,73916,147333
91000.0,812,6416,10417,76458,161708
91200.0,810,6500,10709,95875,272000
91400.0,832,6375,9875,72417,109541
91600.0,646,7125,15334,108291,313166
91800.0,745,7125,11708,74166,177750
92000.0,1109,4833,7000,59833,121250
92200.0,1113,4750,6875,64292,116875
92400.0,1075,4917,7416,76500,194042
92600.0,916,5625,8709,65541,121292
92800.0,1068,4834,7000,58083,165458
93000.0,1507,3541,6000,32250,47054250
93200.0,2361,3125,5208,51917,159708
93400.0,3074,2250,3334,24542,140750
93600.0,2834,2541,4041,35542,137875
93800.0,2746,2583,4041,33834,145291
94000.0,2661,2750,4167,34833,167375
94200.0,1597,3833,6291,66500,140792
94400.0,1023,4917,7125,64708,150959
94600.0,1030,4875,7291,57917,97708
94800.0,1037,4917,7459,68416,167250
95000.0,1007,4875,7250,63416,133375
95200.0,1054,4708,7000,56000,87500
95400.0,1082,4750,7125,63833,149042
95600.0,1019,4875,7208,68834,143334
95800.0,1037,4916,7417,77959,137875
96000.0,1025,5000,7250,70042,133000
96200.0,1075,4875,7042,67625,113750
96400.0,1021,5125,7584,56709,128416
96600.0,1051,4709,7083,45959,106584
96800.0,964,5292,8000,67584,151208
97000.0,1034,5000,7208,51500,183583
97200.0,1417,4250,6541,52750,169292
97400.0,2808,2584,3959,13708,143042
97600.0,2727,2625,4083,38709,161750
97800.0,2836,2500,3792,29875,98459
98000.0,2847,2542,3917,28875,120209
98200.0,2834,2542,3875,22667,163167
98400.0,2812,2625,4000,27958,109375
98600.0,2696,2625,4042,60584,188041
98800.0,1568,3666,6291,29750,174500
99000.0,1055,4959,7125,30625,129584
99200.0,994,5083,7958,67458,133792
99400.0,740,4875,6959,65334,185791
99600.0,1108,4625,6542,46333,83041
99800.0,1168,4625,6792,51125,141125
100000.0,944,5416,8375,83625,141583
100200.0,995,5250,7958,78333,164125
100400.0,1094,4750,6792,51083,82042
100600.0,1027,5000,7292,56208,187166
100800.0,1061,4792,7041,59875,103458
101000.0,1057,4917,7166,51125,113542
101200.0,975,5417,8208,65250,124083
101400.0,1022,4958,7083,72500,165959
101600.0,1044,4959,7292,55583,103500
101800.0,1029,5167,7542,76458,138459
102000.0,1046,4833,7042,61416,159709
102200.0,1040,5000,7292,57000,140333
102400.0,1094,4708,6833,54833,174708
102600.0,999,5250,8125,53500,157208
102800.0,1404,4083,6500,59041,108834
103000.0,2975,2417,3792,28959,152583
103200.0,2915,2458,3666,39000,130958
103400.0,2947,2375,3584,27125,109500
103600.0,2816,2500,3750,43208,124500
103800.0,2934,2375,3541,43542,137584
104000.0,1501,3750,6375,53625,86166
104200.0,996,5333,7791,52584,105375
104400.0,1052,5041,7041,61416,160875
104600.0,1010,5000,6916,46417,119875
104800.0,1049,4750,6916,49458,84917
105000.0,1018,4875,6958,65708,163833
105200.0,1015,5042,8000,69833,181458
105400.0,989,5125,7459,73292,160083
105600.0,981,5084,7417,69792,119042
105800.0,980,5042,7125,76000,154459
106000.0,992,5125,7334,68333,172166
106200.0,1065,4833,6750,59083,133041
106400.0,1018,5000,7417,79667,141583
106600.0,1033,4792,7000,57792,152125
106800.0,1026,4750,7417,57208,161125
107000.0,1019,5083,7375,72083,192459
107200.0,2694,2541,3958,32584,170042
107400.0,2680,2667,4125,13500,143084
107600.0,2860,2417,3708,50792,121750
107800.0,2759,2542,3833,27958,159000
108000.0,2807,2500,3833,39917,191417
108200.0,2784,2542,3917,23500,94250
108400.0,2804,2583,3917,35458,131500
108600.0,2010,2708,6250,33958,202333
108800.0,835,6084,9292,97792,182750
109000.0,1046,4792,7542,70125,119709
109200.0,1093,4542,6416,17583,98833
109400.0,977,5083,7375,66834,170791
109600.0,1074,4667,6875,34625,119792
109800.0,1031,4709,6791,68458,158750
110000.0,1030,4834,7083,69667,121208
110200.0,1036,4833,7083,86417,134542
110400.0,952,5167,7625,51667,110417
110600.0,966,5250,7542,51250,101459
110800.0,1027,5042,7375,61750,120583
111000.0,1017,5166,7542,68250,131166
111200.0,1008,5250,7625,60083,116917
111400.0,1020,4916,7167,70541,129333
111600.0,968,5209,7667,72333,142875
111800.0,993,5125,7292,58458,119250
112000.0,1024,5042,7667,71667,173000
112200.0,1045,4917,7417,77166,139084
112400.0,987,5292,7667,70334,129625
112600.0,989,5125,7250,63083,111959
112800.0,1690,3625,5708,48500,151500
113000.0,2760,2542,3833,28833,133583
113200.0,2928,2500,3792,15625,117583
113400.0,2739,2583,4000,13958,114666
113600.0,2789,2584,4000,24583,152958
113800.0,2762,2583,4000,24458,126250
114000.0,1527,3750,6875,45667,108875
114200.0,906,4875,7250,76666,25173208
114400.0,1012,5083,7375,67416,108416
114600.0,1019,5000,7333,66750,151375
114800.0,1002,5042,7333,71541,172833
115000.0,987,5083,7209,54583,121167
115200.0,968,5167,7625,51250,134625
115400.0,983,5166,7625,61334,170208
115600.0,981,5167,7583,64083,193750
115800.0,1003,4833,6959,74666,132583
116000.0,1024,4792,7042,63083,113292
116200.0,982,5042,7250,77417,124875
116400.0,1002,4959,7125,59834,143417
116600.0,1011,5042,7500,62334,229750
116800.0,1071,4750,6791,63708,130542
117000.0,1004,4959,7125,69083,115667
117200.0,2200,2792,5250,39417,97250
117400.0,2840,2500,3708,39833,152458
117600.0,2830,2500,3875,49709,156000
117800.0,2862,2500,3833,34083,164500
118000.0,2862,2500,3792,27750,164292
118200.0,2934,2459,3792,13917,119667
118400.0,2378,2916,4709,36250,181250
118600.0,2587,2625,4292,32041,135041
118800.0,1085,4667,6875,62541,96375
119000.0,1066,4792,6875,63833,171958
119200.0,945,5375,8167,60250,180709
119400.0,897,5625,8291,84625,137583
119600.0,1093,4625,6916,63000,201208
119800.0,864,5083,7834,53083,146750
120000.0,781,4833,7708,52209,222417
120200.0,894,5708,8458,79959,140917
120400.0,1106,4375,6083,68500,128958
120600.0,1056,4750,7208,64292,121625
120800.0,1009,5083,7542,54292,258750
121000.0,1029,5000,7292,69792,148458
121200.0,1001,5000,7250,59167,96417
121400.0,1037,4958,7125,59959,170625
121600.0,908,5292,10042,72125,367125
121800.0,759,6875,11208,87541,205000
122000.0,937,5333,8250,56875,151833
122200.0,1175,4375,6000,45292,94667
122400.0,1086,4750,6750,61084,116000
122600.0,776,6875,10458,100042,220209
122800.0,803,6166,11000,83292,176834
123000.0,1800,3125,5709,58958,154625
123200.0,2463,2916,4916,41917,113708
123400.0,2423,3000,4583,32458,132083
123600.0,2664,2750,4125,36791,169708
123800.0,2663,2750,4292,51541,200708
124000.0,2687,2625,4000,28334,114458
124200.0,2173,2833,5459,41333,174167
124400.0,961,5458,8333,83458,165333
124600.0,1016,5083,7958,85667,112834
124800.0,945,5500,8291,54250,87541
125000.0,910,5791,8416,76917,171792
125200.0,971,5250,8000,54958,171083
125400.0,907,5625,8542,80958,205083
125600.0,934,5333,8083,70166,128500
125800.0,1033,4958,7833,62667,150875
126000.0,1038,5000,7416,54709,93042
126200.0,984,5042,7666,69000,255917
126400.0,1043,4792,6834,75125,118625
126600.0,1081,4791,6709,47583,176209
126800.0,1043,4917,7375,73500,135375
127000.0,1054,4875,6833,56667,122916
127200.0,1079,4708,6834,49917,94583
127400.0,1644,3583,5875,36208,113416
127600.0,2770,2541,3833,38708,131708
127800.0,2782,2625,4042,44292,128167
128000.0,2913,2458,3750,18625,133542
128200.0,2746,2625,4000,41334,212875
128400.0,2802,2583,3875,26667,183417
128600.0,2874,2542,3833,15708,196458
128800.0,2854,2500,3792,45209,161166
129000.0,1547,3667,6375,62542,118875
129200.0,994,5166,7792,60584,158083
129400.0,1034,4958,6875,57792,135125
129600.0,960,5416,7667,69583,176167
129800.0,920,5500,7750,60875,126792
130000.0,913,5583,8083,77125,163333
130200.0,980,5166,7833,65625,139709
130400.0,957,5458,7916,42167,101459
130600.0,970,5250,7875,69292,157167
130800.0,935,5500,8042,81916,155583
131000.0,1029,5125,7375,81958,133959
131200.0,1006,5125,7458,46375,129375
131400.0,977,5209,7333,54083,115542
131600.0,1042,4958,6917,45834,124625
131800.0,973,5333,8875,59833,216208
132000.0,712,7375,10750,104500,169167
132200.0,1034,5042,7625,78875,159250
132400.0,1069,4750,6792,55834,103334
132600.0,1121,4542,6541,61166,110292
132800.0,937,5375,8792,62125,181834
133000.0,699,7208,10750,62250,192459
133200.0,1001,5125,8292,58166,165625
133400.0,2108,2750,5417,45458,96833
133600.0,2877,2500,3834,28833,115750
133800.0,2584,2750,4125,38167,225959
134000.0,2923,2458,3750,30792,212041
134200.0,2747,2625,4000,25500,143542
134400.0,2733,2625,4000,52125,210584
134600.0,1332,4292,6750,52417,123083
134800.0,979,5208,7917,64458,169625
135000.0,992,5083,7458,66083,129917
135200.0,993,5042,7667,65875,140583
135400.0,981,5042,7250,62958,165166
135600.0,1007,5208,7750,62334,131083
135800.0,1073,4625,6542,56875,122959
136000.0,1025,5041,7417,71750,108584
136200.0,1059,4834,6875,34792,123625
136400.0,1041,4917,7291,46250,97625
136600.0,1017,5041,7333,43916,142708
136800.0,1003,5084,7375,75125,135292
137000.0,986,5166,7416,74875,142833
137200.0,980,5292,7542,71958,125541
137400.0,991,5292,7333,48375,129792
137600.0,1042,5000,7333,64667,127625
137800.0,2685,2625,4000,21000,143959
138000.0,2888,2500,3875,34417,163292
138200.0,2686,2625,4042,25459,108125
138400.0,2708,2666,4125,52125,140083
138600.0,2891,2459,3750,40083,141875
138800.0,2675,2667,4125,56500,187167
139000.0,2793,2625,4000,20250,117667
139200.0,2441,2583,4875,29500,100709
139400.0,1021,5000,7250,55834,158458
139600.0,1004,5041,7000,53791,134458
139800.0,1033,4917,6875,46000,141709
140000.0,1022,5000,7625,50916,84459
140200.0,940,5292,7833,56417,151542
140400.0,1021,5083,7459,61666,122833
140600.0,1024,4917,7042,62958,140541
140800.0,1014,5125,7208,49083,108958
141000.0,1014,5125,7500,59000,112041
141200.0,990,5166,7833,60208,84709
141400.0,1028,4875,6791,73084,163708
141600.0,1032,4833,7125,59000,143959
141800.0,1045,4834,7500,65750,104333
142000.0,1064,4791,6834,59083,137708
142200.0,1008,4959,7208,68292,114250
142400.0,1039,4792,7208,61125,119667
142600.0,1046,4875,7333,69583,168500
142800.0,1062,4917,7500,48750,211084
143000.0,1022,4917,7042,55500,183917
143200.0,1012,5083,7042,70709,149750
143400.0,1309,4375,6750,52042,119958
143600.0,2800,2625,4000,36167,137417
143800.0,2778,2667,4125,23625,116583
144000.0,2882,2542,3834,17292,128250
144200.0,2773,2625,4042,26500,225167
144400.0,2788,2583,3875,45208,130000
144600.0,1971,2791,5583,31625,164458
144800.0,1015,5083,7875,70834,155917
145000.0,1050,4959,7584,64542,117542
145200.0,986,5291,7750,68125,119708
145400.0,1019,5125,7208,60417,112042
145600.0,1084,4750,6709,51917,132042
145800.0,979,5333,7500,64500,150959
146000.0,985,5167,7459,60084,90000
146200.0,1025,4875,6917,35375,152542
146400.0,969,5208,7292,64667,116583
146600.0,1046,4917,7416,77375,155459
146800.0,1020,5000,7083,28375,124084
147000.0,568,4833,7000,51875,80833
147200.0,1052,4917,7250,60750,124041
147400.0,1117,4667,6875,64125,126125
147600.0,1112,4750,6709,65333,146458
147800.0,1355,4250,7791,52042,208250
148000.0,2759,2625,3958,48625,115542
148200.0,2912,2459,3833,28167,212708
148400.0,2274,2958,4625,34292,199167
148600.0,2874,2500,3708,25459,152083
148800.0,2914,2500,3875,53250,205791
149000.0,2738,2583,3875,47792,119833
149200.0,2733,2583,3875,27792,199666
149400.0,1956,2958,5833,28041,139833
149600.0,990,5208,7750,80041,145000
149800.0,1086,4625,6625,63333,145541
150000.0,932,5167,7541,41000,107792
150200.0,906,5459,8167,60166,109167
150400.0,1079,4709,6833,66708,153125
150600.0,1064,5000,7167,46125,129459
150800.0,1038,4917,6959,70041,158333
151000.0,1013,5042,7250,59083,116209
151200.0,999,5083,7458,66584,172166
151400.0,995,5125,7917,64958,181250
151600.0,821,6084,9083,64666,104250
151800.0,1081,4833,6833,36541,88291
152000.0,1046,5000,7334,70791,1391458
152200.0,944,5458,8292,62541,155333
152400.0,997,5125,7875,70833,121041
152600.0,990,5042,7417,40458,121125
152800.0,1005,5209,7667,52583,78625
153000.0,966,5417,8000,62542,94709
153200.0,905,5833,8583,78208,188375
153400.0,962,5416,8167,68209,166125
153600.0,997,5166,7292,66792,215792
153800.0,2275,2875,5250,24542,163959
154000.0,2563,2708,4250,24250,161458
154200.0,2617,2709,4250,22458,162958
154400.0,2679,2666,4083,25584,138125
154600.0,2413,2875,4834,40833,168042
154800.0,2344,3125,4875,58792,335000
155000.0,1783,3167,6208,38417,145875
155200.0,976,5417,8166,57958,126875
155400.0,1018,4917,7417,55041,99792
155600.0,1016,5041,7208,67417,167250
155800.0,1007,5125,7416,63584,124792
156000.0,1007,5208,7500,63417,184542
156200.0,1035,5041,7417,55125,157250
156400.0,1070,4750,6958,54708,111583
156600.0,1063,4875,7167,56083,117500
156800.0,1018,4917,7250,69500,130500
157000.0,1019,4917,7333,53584,105958
157200.0,1058,4750,6875,31625,117541
157400.0,1049,4750,7083,63458,142875
157600.0,1029,4917,7166,58250,137500
157800.0,1003,4959,8583,63375,111208
158000.0,980,5042,7375,75125,196667
158200.0,2281,3000,5250,52375,206541
158400.0,2288,3042,5292,43208,174459
158600.0,2961,2417,3667,13333,116875
158800.0,2938,2417,3500,30208,122166
159000.0,2850,2459,3792,31750,158792
159200.0,2719,2583,4041,28542,260041
159400.0,2880,2583,3917,25125,175417
159600.0,2758,2625,4000,17375,184625
159800.0,1032,5042,7209,76416,108250
160000.0,1066,4750,7000,70458,148292
160200.0,1069,4708,6542,26375,119917
160400.0,1078,4667,6584,57084,172584
160600.0,1015,5166,7750,77791,160750
160800.0,1044,4792,7125,69875,100917
161000.0,1039,4959,7500,65875,134208
161200.0,1023,5042,7583,42209,96916
161400.0,946,5292,8167,72208,185000
161600.0,1029,5083,7208,63542,166667
161800.0,1021,5125,7834,62875,115250
162000.0,984,5125,7625,70208,125167
162200.0,1007,5125,7208,61375,170375
162400.0,957,5334,7958,79833,210125
162600.0,1007,5041,7417,61500,115625
162800.0,988,5166,7542,71958,167917
163000.0,980,5125,7333,59334,108083
163200.0,1022,4959,7167,62541,158792
163400.0,1031,4750,6500,70959,148250
163600.0,999,5250,7791,63666,126416
163800.0,1000,5041,7584,71791,156459
164000.0,2587,2666,4375,14083,194959
164200.0,2803,2584,3875,14833,123583
164400.0,2699,2708,4166,24458,108084
164600.0,2845,2542,3834,48917,181500
164800.0,2823,2541,3958,39625,152042
165000.0,2836,2542,3792,23333,129166
165200.0,1067,4917,7375,74208,126333
165400.0,1050,4833,6916,61625,129250
165600.0,1037,4875,7209,62583,125583
165800.0,1041,4834,7208,67667,98708
166000.0,1039,4792,7209,65666,106583
166200.0,1013,4958,7125,63333,136584
166400.0,1033,4834,7208,65333,192583
166600.0,1050,4667,6750,66375,125917
166800.0,1053,4834,7208,70167,157375
167000.0,1035,4959,7125,41083,140000
167200.0,1024,4875,7250,67209,151667
167400.0,1019,4834,6791,61000,138666
167600.0,1032,4958,7541,50000,111875
167800.0,1036,4875,6959,63708,153334
168000.0,1026,4917,7375,43125,147708
168200.0,1061,5083,7375,53250,119791
168400.0,2835,2459,3667,43417,250000
168600.0,2738,2584,3875,55334,163375
168800.0,2721,2625,4083,28208,141500
169000.0,2702,2667,4084,39625,151375
169200.0,2814,2625,3959,29666,197709
169400.0,2814,2584,4000,43666,500750
169600.0,2815,2542,4000,44208,112875
169800.0,2283,2667,5083,50292,132584
170000.0,1030,4958,7250,75459,208000
170200.0,1025,5000,7416,64125,161709
170400.0,1023,5042,7250,59625,111209
170600.0,1048,5083,7375,61750,126417
170800.0,1034,4958,7500,54584,113375
171000.0,1053,4875,7208,49833,115709
171200.0,978,5208,7750,72416,115291
171400.0,1054,4875,7042,60167,121167
171600.0,1052,4792,6500,55750,106333
171800.0,1076,4625,6709,64875,135958
172000.0,1006,5084,7583,67334,119959
172200.0,959,5291,7750,80375,137917
172400.0,936,5583,8291,52334,127875
172600.0,1010,5125,7333,60708,232375
172800.0,1000,5334,7667,42375,125791
173000.0,1006,5125,7625,56542,128792
173200.0,938,5542,8542,80125,178083
173400.0,972,5333,7708,51625,211750
173600.0,990,5125,7417,61958,155959
173800.0,999,5167,7666,68833,198375
174000.0,980,5333,7625,65667,139916
174200.0,2831,2583,3959,27083,132875
174400.0,2783,2583,3916,44500,146875
174600.0,2843,2500,3833,21375,142584
174800.0,2749,2625,4042,34250,150375
175000.0,2953,2416,3542,16750,129375
175200.0,2552,2458,4333,17250,123833
175400.0,1026,5042,7291,47416,118750
175600.0,1050,4750,6917,64750,159750
175800.0,913,5625,8667,56500,99000
176000.0,1033,4959,7167,63375,109375
176200.0,1057,4834,6875,52375,116125
176400.0,1055,5000,7041,40875,99500
176600.0,1056,4916,6791,68375,117416
176800.0,1032,4917,7167,59958,129667
177000.0,945,5417,8416,65750,166291
177200.0,998,5167,8041,71875,139417
177400.0,1015,5208,8042,69208,133083
177600.0,1017,5125,7750,55625,164334
177800.0,989,5042,7334,57625,125541
178000.0,1045,5167,7500,50250,88625
178200.0,1052,5042,7417,60250,161583
178400.0,895,5625,8000,67083,175375
178600.0,2301,2833,5167,33750,141042
178800.0,2845,2583,3917,34333,123084
179000.0,2671,2667,4084,30292,159958
179200.0,2650,2625,4166,52959,132209
179400.0,1950,3166,4791,30125,118417
179600.0,1712,2459,3791,15416,118500
179800.0,2909,2375,3666,14833,129625
180000.0,2794,2500,3917,39583,151584
180200.0,2036,2792,6958,57917,174125
180400.0,715,6875,10833,97334,239292
180600.0,1049,4875,7083,61334,102917
180800.0,1078,4833,6916,57917,129041
181000.0,1037,5000,7208,59417,89792
181200.0,867,5958,9084,75250,142959
181400.0,1012,5083,7333,67916,104917
181600.0,1017,5167,7584,58500,113333
181800.0,799,6125,10167,89625,170666
182000.0,963,5208,7750,72583,146667
182200.0,1015,5125,7250,45417,136917
182400.0,1039,5000,7250,52125,150959
182600.0,1007,5041,7375,61459,154666
182800.0,987,5166,7625,69375,146667
183000.0,1011,5250,7375,59125,109958
183200.0,994,5208,7792,71000,117958
183400.0,993,5125,7375,59500,144791
183600.0,1064,4875,7208,60875,81209
183800.0,1011,5042,7208,59625,123833
184000.0,1036,4959,6875,51209,144750
184200.0,1028,4958,7042,55583,120459
184400.0,1014,5000,7125,66209,214500
184600.0,1788,3167,6042,58708,130791
184800.0,2745,2542,3958,35250,132125
185000.0,2881,2542,3750,21958,137333
185200.0,2772,2625,4000,24792,133000
185400.0,2927,2458,3667,13459,103750
185600.0,2777,2625,3875,32792,133333
185800.0,1781,2916,5834,49959,108458
186000.0,1036,5000,7125,69166,207375
186200.0,1029,4833,6958,62583,98958
186400.0,1047,4875,6959,50916,124958
186600.0,1027,4833,7125,48375,114125
186800.0,1071,4709,6500,55584,127667
187000.0,1074,4708,6833,63209,149750
187200.0,1027,4875,7084,67333,134791
187400.0,1015,5000,7375,70000,113667
187600.0,1021,4916,7750,61250,185833
187800.0,1017,5167,7417,51708,208334
188000.0,1015,5167,7750,62959,129250
188200.0,1041,5000,7125,66125,109625
188400.0,1018,4875,7125,65834,128958
188600.0,1034,4833,6792,49083,115375
188800.0,1037,4875,6750,63291,139333
189000.0,2094,2667,5500,26292,169958
189200.0,2652,2666,4000,22042,160333
189400.0,2750,2625,4041,39042,177375
189600.0,2823,2542,3791,45417,114917
189800.0,2917,2500,3667,22208,170500
190000.0,2811,2583,3833,31125,215167
190200.0,2745,2625,3958,28292,121584
190400.0,2772,2541,3916,31042,160583
190600.0,1231,4500,6583,33167,144209
190800.0,1061,4792,6833,25958,92292
191000.0,1076,4792,7084,55959,86000
191200.0,1003,4917,7416,65500,175125
191400.0,980,5084,7750,41875,158541
191600.0,1053,4792,6792,48000,129750
191800.0,954,5416,7834,79750,146875
192000.0,985,5291,8041,86666,156167
192200.0,967,5334,7917,94833,160166
192400.0,974,5166,7416,53167,100750
192600.0,1047,5000,7125,50083,112625
192800.0,993,5042,7500,66500,239125
193000.0,1006,5042,7541,52208,165291
193200.0,1034,4958,7083,73583,121125
193400.0,1046,4875,7125,68666,153458
193600.0,1027,4875,7000,60292,88292
193800.0,1013,4792,6875,63458,182000
194000.0,1023,5042,7334,60333,108666
194200.0,1039,5042,7166,36625,146833
194400.0,1049,4875,7541,75833,140375
194600.0,1052,4834,6792,53167,187000
194800.0,2562,2583,4708,50584,143125
195000.0,2789,2583,3959,37708,126875
195200.0,2807,2584,3959,30083,150291
195400.0,2669,2625,4041,29791,266500
195600.0,2768,2542,4083,53875,143125
195800.0,2898,2625,4000,20458,194625
196000.0,1099,4958,8000,68084,123333
196200.0,982,5167,7458,68209,158708
196400.0,1020,5000,7458,74458,146375
196600.0,1039,4875,6709,65417,148292
196800.0,989,5084,7750,74167,155000
197000.0,1060,4875,7042,51416,141750
197200.0,1046,4834,7375,70000,182000
197400.0,1017,5083,7333,72292,124625
197600.0,1020,4959,7458,72583,114167
197800.0,1020,5208,8083,84000,153000
198000.0,1041,4958,7542,73125,151958
198200.0,1018,5125,7417,50500,107667
198400.0,1048,4875,7333,51500,94041
198600.0,1063,4833,6917,51375,116375
198800.0,1030,5000,7416,66167,149833
199000.0,1063,4792,7042,77125,188750
199200.0,2545,2625,4375,31750,112208
199400.0,2817,2625,3916,23125,135458
199600.0,2809,2542,3916,31334,122458
199800.0,2943,2417,3750,40166,113917
200000.0,2950,2458,3709,33084,129083
200200.0,2904,2500,3708,21125,137416
200400.0,2841,2500,3792,31042,136333
200600.0,2176,2708,5167,57750,159584
200800.0,983,5209,7583,57041,76958
201000.0,1010,5084,7208,66250,172250
201200.0,932,5375,8541,87667,308334
201400.0,602,7875,15042,97125,297167
201600.0,895,5833,9500,66541,180250
201800.0,1073,4834,7042,37292,171458
202000.0,1061,4958,7666,47958,161667
202200.0,916,5667,8292,74875,113875
202400.0,1089,4750,6584,69292,108417
202600.0,1015,5041,7334,65583,130583
202800.0,1022,5125,7708,71708,230916
203000.0,1009,5167,7791,62958,158334
203200.0,990,5166,8208,68583,145292
203400.0,989,5250,7667,58917,152542
203600.0,983,5042,7333,62583,113084
203800.0,1007,5250,7833,65625,101833
204000.0,1023,5000,7250,57750,127167
204200.0,1008,5166,7667,82458,167875
204400.0,1017,5083,7459,75291,169000
204600.0,996,5167,7417,70916,102708
204800.0,997,5208,7625,66041,166375
205000.0,1919,3000,5667,44958,134708
205200.0,2792,2542,3834,28250,129125
205400.0,2766,2625,4084,50459,357500
205600.0,2671,2625,3959,21875,185625
205800.0,2779,2542,3917,15000,106459
206000.0,2769,2625,4125,22625,146417
206200.0,1851,3000,6291,55625,152958
206400.0,1013,5250,7833,59709,116542
206600.0,1033,4916,7459,52042,149667
206800.0,1038,5000,7375,69917,126167
207000.0,842,6041,9042,62208,135250
207200.0,995,5250,7833,64750,164500
207400.0,999,5250,7750,59375,149792
207600.0,996,5083,7375,73666,160209
207800.0,1014,5041,7583,70292,203417
208000.0,1027,4792,7292,72959,178875
208200.0,1027,5084,7833,56958,226875
208400.0,841,6083,9041,54417,99584
208600.0,1046,5042,7292,69083,101333
208800.0,1054,4833,7167,39833,94041
209000.0,1031,5125,7459,55833,104917
209200.0,1001,5208,7875,63500,131584
209400.0,1037,4917,7416,60250,119958
209600.0,2695,2667,4167,39292,162042
209800.0,1533,3875,6584,54000,137125
210000.0,872,5292,8125,66833,154292
210200.0,757,5541,7916,56459,64416125
210400.0,1012,5250,7500,56791,90500
210600.0,130,4708,6417,71625,77084
