t_ms,ev,sid
11490.638,accept,1
11791.377,accept,2
11791.656,accept,3
93102.525,send_would_block,3
93102.564,write_enable,3
93102.613,send_would_block,3
93102.658,send_would_block,3
93102.701,send_would_block,3
93102.743,send_would_block,3
93102.785,send_would_block,3
93102.827,send_would_block,3
93102.869,send_would_block,3
93102.910,send_would_block,3
93102.952,send_would_block,3
93102.994,send_would_block,3
93103.037,send_would_block,3
93103.081,send_would_block,3
93103.123,send_would_block,3
93103.184,send_would_block,3
93103.226,send_would_block,3
93103.492,send_would_block,3
93103.569,send_would_block,3
93103.617,send_would_block,3
93103.666,send_would_block,3
93103.711,send_would_block,3
93103.755,send_would_block,3
93103.799,send_would_block,3
93103.844,send_would_block,3
93103.896,send_would_block,3
93103.940,send_would_block,3
93103.985,send_would_block,3
93104.029,send_would_block,3
93104.084,send_would_block,3
93104.127,send_would_block,3
93104.170,send_would_block,3
93104.214,send_would_block,3
93104.258,send_would_block,3
93104.301,send_would_block,3
93104.345,send_would_block,3
93104.388,send_would_block,3
93104.768,send_would_block,3
93104.821,send_would_block,3
93104.865,send_would_block,3
93104.907,send_would_block,3
93104.948,send_would_block,3
93104.994,send_would_block,3
93105.036,send_would_block,3
93105.077,send_would_block,3
93105.119,send_would_block,3
93105.161,send_would_block,3
93105.201,send_would_block,3
93105.242,send_would_block,3
93105.282,send_would_block,3
93105.323,send_would_block,3
93105.363,send_would_block,3
93105.404,send_would_block,3
93105.444,send_would_block,3
93105.484,send_would_block,3
93105.530,send_would_block,3
93105.571,send_would_block,3
93105.611,send_would_block,3
93105.651,send_would_block,3
93105.713,send_would_block,3
93105.753,send_would_block,3
93105.794,send_would_block,3
93105.834,send_would_block,3
93105.878,send_would_block,3
93105.918,send_would_block,3
93105.958,send_would_block,3
93105.998,send_would_block,3
93112.399,write_disable,3
227365.848,eof_fin,1
227398.643,close,1
227398.801,eof_fin,2
227446.810,close,2
227446.881,eof_fin,3
227494.811,close,3
