t_ms,sid,pending,cum_queued,cum_sent
11400.0,1,3,3,0
11600.0,1,3,3,0
11600.0,2,3,3,0
11600.0,3,3,3,0
12000.0,1,3,3,0
12000.0,2,20,39873,39853
12000.0,3,3,3,0
12200.0,1,3,3,0
12200.0,2,20,107013,106993
12200.0,3,3,3,0
12400.0,1,17,768,751
12400.0,2,18,169721,169703
12400.0,3,16,1659,1643
12600.0,1,17,21780,21763
12600.0,2,18,191951,191933
12600.0,3,16,46119,46103
12800.0,1,17,42350,42333
12800.0,2,18,213731,213713
12800.0,3,16,90670,90654
13000.0,1,17,57990,57973
13000.0,2,18,230291,230273
13000.0,3,16,124710,124694
13200.0,1,17,74820,74803
13200.0,2,18,248129,248111
13200.0,3,21,161361,161340
13400.0,1,17,95594,95577
13400.0,2,18,270125,270107
13400.0,3,16,206591,206575
13600.0,1,17,115246,115229
13600.0,2,18,290933,290915
13600.0,3,21,249347,249326
13800.0,1,17,136853,136836
13800.0,2,18,313811,313793
13800.0,3,21,296374,296353
14000.0,1,17,144503,144486
14000.0,2,18,321893,321875
14000.0,3,21,353491,353470
14200.0,1,17,144503,144486
14200.0,2,18,321893,321875
14200.0,3,21,413320,413299
14400.0,1,17,144503,144486
14400.0,2,18,321893,321875
14400.0,3,21,465757,465736
14600.0,1,17,144503,144486
14600.0,2,18,321893,321875
14600.0,3,21,518320,518299
14800.0,1,17,144503,144486
14800.0,2,18,321893,321875
14800.0,3,21,571072,571051
15000.0,1,17,144503,144486
15000.0,2,18,321893,321875
15000.0,3,21,624979,624958
15200.0,1,17,153513,153496
15200.0,2,18,342602,342584
15200.0,3,16,646983,646967
15400.0,1,17,169663,169646
15400.0,2,18,379652,379634
15400.0,3,16,662199,662183
15600.0,1,17,186034,186017
15600.0,2,18,417170,417152
15600.0,3,16,677591,677575
15800.0,1,17,201742,201725
15800.0,2,18,453245,453227
15800.0,3,16,692391,692375
16000.0,1,17,215461,215444
16000.0,2,18,484718,484700
16000.0,3,16,705287,705271
16200.0,1,17,230999,230982
16200.0,2,21,520346,520325
16200.0,3,16,719911,719895
16400.0,1,17,244769,244752
16400.0,2,18,551915,551897
16400.0,3,16,732871,732855
16600.0,1,17,259695,259678
16600.0,2,21,586178,586157
16600.0,3,16,746919,746903
16800.0,1,17,276474,276457
16800.0,2,18,624650,624632
16800.0,3,16,762711,762695
17000.0,1,17,289530,289513
17000.0,2,18,654641,654623
17000.0,3,16,774999,774983
17200.0,1,17,302620,302603
17200.0,2,18,684671,684653
17200.0,3,16,787335,787319
17400.0,1,17,317920,317903
17400.0,2,18,719771,719753
17400.0,3,16,801735,801719
17600.0,1,17,331350,331333
17600.0,2,18,750581,750563
17600.0,3,16,814375,814359
17800.0,1,17,344933,344916
17800.0,2,18,781703,781685
17800.0,3,16,827143,827127
18000.0,1,17,362018,362001
18000.0,2,21,820919,820898
18000.0,3,16,843223,843207
18200.0,1,17,374326,374309
18200.0,2,18,849173,849155
18200.0,3,16,854823,854807
18400.0,1,17,387059,387042
18400.0,2,18,878345,878327
18400.0,3,16,866791,866775
18600.0,1,17,402869,402852
18600.0,2,18,914654,914636
18600.0,3,16,881687,881671
18800.0,1,17,408003,407986
18800.0,2,21,956003,955982
18800.0,3,16,886503,886487
19000.0,1,17,408003,407986
19000.0,2,21,1009112,1009091
19000.0,3,16,886503,886487
19200.0,1,17,408003,407986
19200.0,2,21,1062326,1062305
19200.0,3,16,886503,886487
19400.0,1,17,408003,407986
19400.0,2,21,1113020,1112999
19400.0,3,16,886503,886487
19600.0,1,17,408003,407986
19600.0,2,21,1171610,1171589
19600.0,3,16,886503,886487
19800.0,1,17,408003,407986
19800.0,2,21,1221128,1221107
19800.0,3,16,886503,886487
20000.0,1,17,408003,407986
20000.0,2,21,1275686,1275665
20000.0,3,16,886503,886487
20200.0,1,17,408003,407986
20200.0,2,21,1335998,1335977
20200.0,3,16,886503,886487
20400.0,1,17,415364,415347
20400.0,2,18,1375205,1375187
20400.0,3,21,902545,902524
20600.0,1,17,433486,433469
20600.0,2,18,1394393,1394375
20600.0,3,21,941987,941966
20800.0,1,17,450044,450027
20800.0,2,18,1411925,1411907
20800.0,3,21,978025,978004
21000.0,1,17,468030,468013
21000.0,2,18,1430969,1430951
21000.0,3,21,1017171,1017150
21200.0,1,17,485234,485217
21200.0,2,18,1449167,1449149
21200.0,3,16,1054594,1054578
21400.0,1,17,500296,500279
21400.0,2,18,1465133,1465115
21400.0,3,16,1087413,1087397
21600.0,1,17,518367,518350
21600.0,2,18,1484249,1484231
21600.0,3,21,1126728,1126707
21800.0,1,17,536880,536863
21800.0,2,18,1503851,1503833
21800.0,3,16,1167000,1166984
22000.0,1,17,554764,554747
22000.0,2,18,1522787,1522769
22000.0,3,16,1205924,1205908
22200.0,1,17,572597,572580
22200.0,2,18,1541669,1541651
22200.0,3,16,1244737,1244721
22400.0,1,17,590413,590396
22400.0,2,18,1560533,1560515
22400.0,3,16,1283513,1283497
22600.0,1,17,607770,607753
22600.0,2,18,1578929,1578911
22600.0,3,21,1321311,1321290
22800.0,1,17,625348,625331
22800.0,2,18,1597523,1597505
22800.0,3,21,1359569,1359548
23000.0,1,17,643351,643334
23000.0,2,18,1616585,1616567
23000.0,3,16,1398731,1398715
23200.0,1,17,662289,662272
23200.0,2,18,1636637,1636619
23200.0,3,21,1439970,1439949
23400.0,1,17,680445,680428
23400.0,2,18,1655879,1655861
23400.0,3,16,1479502,1479486
23600.0,1,17,698295,698278
23600.0,2,18,1674779,1674761
23600.0,3,21,1518336,1518315
23800.0,1,17,715856,715839
23800.0,2,18,1693373,1693355
23800.0,3,16,1556573,1556557
24000.0,1,17,732720,732703
24000.0,2,18,1711211,1711193
24000.0,3,16,1593240,1593224
24200.0,1,17,750349,750332
24200.0,2,18,1729877,1729859
24200.0,3,16,1631609,1631593
24400.0,1,17,765003,764986
24400.0,2,18,1745393,1745375
24400.0,3,21,1672848,1672827
24600.0,1,17,765003,764986
24600.0,2,18,1745393,1745375
24600.0,3,21,1734399,1734378
24800.0,1,17,765003,764986
24800.0,2,18,1745393,1745375
24800.0,3,21,1796055,1796034
25000.0,1,17,765003,764986
25000.0,2,18,1745393,1745375
25000.0,3,21,1853805,1853784
25200.0,1,17,765003,764986
25200.0,2,18,1745393,1745375
25200.0,3,22,1916975,1916953
25400.0,1,17,765003,764986
25400.0,2,18,1745393,1745375
25400.0,3,22,1978663,1978641
25600.0,1,17,775662,775645
25600.0,2,18,1770473,1770455
25600.0,3,16,2015535,2015519
25800.0,1,17,787171,787154
25800.0,2,22,1797575,1797553
25800.0,3,16,2026367,2026351
26000.0,1,17,790095,790078
26000.0,2,18,1804473,1804455
26000.0,3,16,2029119,2029103
26200.0,1,17,799292,799275
26200.0,2,18,1826113,1826095
26200.0,3,16,2037791,2037775
26400.0,1,17,816530,816513
26400.0,2,18,1866673,1866655
26400.0,3,16,2053999,2053983
26600.0,1,17,833309,833292
26600.0,2,18,1906153,1906135
26600.0,3,16,2069791,2069775
26800.0,1,17,847963,847946
26800.0,2,18,1940593,1940575
26800.0,3,16,2083583,2083567
27000.0,1,17,861393,861376
27000.0,2,18,1972233,1972215
27000.0,3,16,2096223,2096207
27200.0,1,17,876608,876591
27200.0,2,18,2007993,2007975
27200.0,3,16,2110543,2110527
27400.0,1,17,893438,893421
27400.0,2,18,2047593,2047575
27400.0,3,16,2126383,2126367
27600.0,1,17,911747,911730
27600.0,2,18,2090673,2090655
27600.0,3,16,2143615,2143599
27800.0,1,17,929291,929274
27800.0,2,18,2131993,2131975
27800.0,3,16,2160143,2160127
28000.0,1,17,944302,944285
28000.0,2,18,2167273,2167255
28000.0,3,16,2174255,2174239
28200.0,1,17,956066,956049
28200.0,2,18,2194993,2194975
28200.0,3,16,2185327,2185311
28400.0,1,17,969326,969309
28400.0,2,18,2226153,2226135
28400.0,3,16,2197807,2197791
28600.0,1,17,985408,985391
28600.0,2,22,2264015,2263993
28600.0,3,16,2212943,2212927
28800.0,1,17,1002918,1002901
28800.0,2,22,2305215,2305193
28800.0,3,16,2229423,2229407
29000.0,1,17,1020921,1020904
29000.0,2,18,2347593,2347575
29000.0,3,16,2246383,2246367
29200.0,1,17,1037003,1036986
29200.0,2,22,2391179,2391157
29200.0,3,16,2261503,2261487
29400.0,1,17,1037003,1036986
29400.0,2,22,2443869,2443847
29400.0,3,16,2261503,2261487
29600.0,1,17,1037003,1036986
29600.0,2,22,2500035,2500013
29600.0,3,16,2261503,2261487
29800.0,1,17,1037003,1036986
29800.0,2,22,2559787,2559765
29800.0,3,16,2261503,2261487
30000.0,1,17,1037003,1036986
30000.0,2,22,2621519,2621497
30000.0,3,16,2261503,2261487
30200.0,1,17,1037003,1036986
30200.0,2,22,2674055,2674033
30200.0,3,16,2261503,2261487
30400.0,1,17,1037003,1036986
30400.0,2,22,2736205,2736183
30400.0,3,16,2261503,2261487
30600.0,1,17,1037003,1036986
30600.0,2,22,2801545,2801523
30600.0,3,16,2261503,2261487
30800.0,1,17,1041899,1041882
30800.0,2,18,2852577,2852559
30800.0,3,22,2272469,2272447
31000.0,1,17,1059443,1059426
31000.0,2,18,2871171,2871153
31000.0,3,16,2311701,2311685
31200.0,1,17,1077412,1077395
31200.0,2,18,2890179,2890161
31200.0,3,22,2351851,2351829
31400.0,1,17,1095177,1095160
31400.0,2,18,2908989,2908971
31400.0,3,16,2391539,2391523
31600.0,1,17,1113265,1113248
31600.0,2,18,2928159,2928141
31600.0,3,22,2431993,2431971
31800.0,1,17,1131727,1131710
31800.0,2,18,2947707,2947689
31800.0,3,16,2473277,2473261
32000.0,1,17,1149696,1149679
32000.0,2,18,2966715,2966697
32000.0,3,22,2513427,2513405
32200.0,1,17,1167376,1167359
32200.0,2,18,2985453,2985435
32200.0,3,22,2552947,2552925
32400.0,1,17,1185362,1185345
32400.0,2,18,3004479,3004461
32400.0,3,22,2593151,2593129
32600.0,1,17,1202855,1202838
32600.0,2,18,3023001,3022983
32600.0,3,16,2632231,2632215
32800.0,1,17,1219345,1219328
32800.0,2,18,3040479,3040461
32800.0,3,16,2669129,2669113
33000.0,1,17,1234356,1234339
33000.0,2,18,3056373,3056355
33000.0,3,16,2702683,2702667
33200.0,1,17,1251033,1251016
33200.0,2,18,3074013,3073995
33200.0,3,22,2739945,2739923
33400.0,1,17,1266129,1266112
33400.0,2,18,3089997,3089979
33400.0,3,16,2773667,2773651
33600.0,1,17,1282704,1282687
33600.0,2,18,3107565,3107547
33600.0,3,22,2810739,2810717
33800.0,1,17,1297902,1297885
33800.0,2,18,3123639,3123621
33800.0,3,22,2844711,2844689
34000.0,1,17,1308153,1308136
34000.0,2,18,3134493,3134475
34000.0,3,16,2867603,2867587
34200.0,1,17,1319679,1319662
34200.0,2,18,3146715,3146697
34200.0,3,22,2893389,2893367
34400.0,1,17,1337461,1337444
34400.0,2,18,3165525,3165507
34400.0,3,16,2933115,2933099
34600.0,1,17,1350806,1350789
34600.0,2,18,3179655,3179637
34600.0,3,22,2962967,2962945
34800.0,1,17,1364984,1364967
34800.0,2,18,3194685,3194667
34800.0,3,16,2994675,2994659
35000.0,1,17,1379094,1379077
35000.0,2,18,3209625,3209607
35000.0,3,22,3026199,3026177
35200.0,1,17,1389362,1389345
35200.0,2,18,3220479,3220461
35200.0,3,22,3049151,3049129
35400.0,1,17,1394003,1393986
35400.0,2,18,3225393,3225375
35400.0,3,22,3085969,3085947
35600.0,1,17,1394003,1393986
35600.0,2,18,3225393,3225375
35600.0,3,22,3135689,3135667
35800.0,1,17,1394003,1393986
35800.0,2,18,3225393,3225375
35800.0,3,22,3184903,3184881
36000.0,1,17,1394003,1393986
36000.0,2,18,3225393,3225375
36000.0,3,22,3229893,3229871
36200.0,1,17,1394003,1393986
36200.0,2,18,3225393,3225375
36200.0,3,22,3269955,3269933
36400.0,1,17,1394003,1393986
36400.0,2,18,3225393,3225375
36400.0,3,22,3321061,3321039
36600.0,1,17,1394003,1393986
36600.0,2,18,3225393,3225375
36600.0,3,22,3347131,3347109
36800.0,1,17,1394003,1393986
36800.0,2,18,3225393,3225375
36800.0,3,22,3388733,3388711
37000.0,1,17,1404883,1404866
37000.0,2,18,3251033,3251015
37000.0,3,16,3421743,3421727
37200.0,1,17,1419911,1419894
37200.0,2,18,3286393,3286375
37200.0,3,16,3435903,3435887
37400.0,1,17,1436112,1436095
37400.0,2,18,3324473,3324455
37400.0,3,16,3451135,3451119
37600.0,1,17,1452942,1452925
37600.0,2,18,3364073,3364055
37600.0,3,16,3466975,3466959
37800.0,1,17,1470231,1470214
37800.0,2,18,3404793,3404775
37800.0,3,16,3483247,3483231
38000.0,1,17,1485616,1485599
38000.0,2,18,3440953,3440935
38000.0,3,16,3497727,3497711
38200.0,1,17,1498859,1498842
38200.0,2,18,3472113,3472095
38200.0,3,16,3510191,3510175
38400.0,1,17,1513054,1513037
38400.0,2,18,3505513,3505495
38400.0,3,16,3523551,3523535
38600.0,1,17,1523900,1523883
38600.0,2,18,3531073,3531055
38600.0,3,16,3533775,3533759
38800.0,1,17,1535256,1535239
38800.0,2,18,3557753,3557735
38800.0,3,16,3544447,3544431
39000.0,1,17,1548652,1548635
39000.0,2,22,3589295,3589273
39000.0,3,16,3557055,3557039
39200.0,1,17,1564564,1564547
39200.0,2,18,3626753,3626735
39200.0,3,16,3572031,3572015
39400.0,1,17,1580544,1580527
39400.0,2,18,3664313,3664295
39400.0,3,16,3587071,3587055
39600.0,1,17,1596966,1596949
39600.0,2,18,3702953,3702935
39600.0,3,16,3602527,3602511
39800.0,1,17,1613065,1613048
39800.0,2,18,3740873,3740855
39800.0,3,16,3617695,3617679
40000.0,1,17,1628178,1628161
40000.0,2,18,3776393,3776375
40000.0,3,16,3631903,3631887
40200.0,1,17,1644515,1644498
40200.0,2,22,3814855,3814833
40200.0,3,16,3647279,3647263
40400.0,1,17,1659917,1659900
40400.0,2,18,3851073,3851055
40400.0,3,16,3661775,3661759
40600.0,1,17,1666003,1665986
40600.0,2,22,3901451,3901429
40600.0,3,16,3667503,3667487
40800.0,1,17,1666003,1665986
40800.0,2,22,3955351,3955329
40800.0,3,16,3667503,3667487
41000.0,1,17,1666003,1665986
41000.0,2,22,4010285,4010263
41000.0,3,16,3667503,3667487
41200.0,1,17,1666003,1665986
41200.0,2,22,4064955,4064933
41200.0,3,16,3667503,3667487
41400.0,1,17,1666003,1665986
41400.0,2,22,4123915,4123893
41400.0,3,16,3667503,3667487
41600.0,1,17,1666003,1665986
41600.0,2,22,4179091,4179069
41600.0,3,16,3667503,3667487
41800.0,1,17,1666003,1665986
41800.0,2,22,4227557,4227535
41800.0,3,16,3667503,3667487
42000.0,1,17,1666003,1665986
42000.0,2,22,4282095,4282073
42000.0,3,16,3667503,3667487
42200.0,1,17,1668230,1668213
42200.0,2,18,4329751,4329733
42200.0,3,22,3672503,3672481
42400.0,1,17,1681337,1681320
42400.0,2,18,4343629,4343611
42400.0,3,22,3701801,3701779
42600.0,1,17,1697096,1697079
42600.0,2,18,4360315,4360297
42600.0,3,22,3737027,3737005
42800.0,1,17,1714895,1714878
42800.0,2,18,4379161,4379143
42800.0,3,22,3776813,3776791
43000.0,1,17,1729311,1729294
43000.0,2,18,4394443,4394425
43000.0,3,22,3809037,3809015
43200.0,1,17,1743115,1743098
43200.0,2,18,4409041,4409023
43200.0,3,16,3839871,3839855
43400.0,1,17,1760625,1760608
43400.0,2,18,4427581,4427563
43400.0,3,22,3879033,3879011
43600.0,1,17,1777200,1777183
43600.0,2,18,4445149,4445131
43600.0,3,16,3916099,3916083
43800.0,1,17,1794880,1794863
43800.0,2,18,4463869,4463851
43800.0,3,22,3955603,3955581
44000.0,1,17,1810520,1810503
44000.0,2,18,4480411,4480393
44000.0,3,16,3990541,3990525
44200.0,1,17,1822505,1822488
44200.0,2,18,4493101,4493083
44200.0,3,16,4017331,4017315
44400.0,1,17,1836836,1836819
44400.0,2,18,4508275,4508257
44400.0,3,16,4049365,4049349
44600.0,1,17,1853853,1853836
44600.0,2,18,4526311,4526293
44600.0,3,22,4087425,4087403
44800.0,1,17,1869119,1869102
44800.0,2,18,4542457,4542439
44800.0,3,16,4121527,4121511
45000.0,1,17,1884164,1884147
45000.0,2,18,4558387,4558369
45000.0,3,16,4155157,4155141
45200.0,1,17,1899991,1899974
45200.0,2,18,4575145,4575127
45200.0,3,16,4190535,4190519
45400.0,1,17,1915988,1915971
45400.0,2,18,4592101,4592083
45400.0,3,16,4226331,4226315
45600.0,1,17,1931067,1931050
45600.0,2,18,4608049,4608031
45600.0,3,22,4260021,4259999
45800.0,1,17,1935929,1935912
45800.0,2,18,4613215,4613197
45800.0,3,22,4270889,4270867
46000.0,1,17,1944531,1944514
46000.0,2,18,4622305,4622287
46000.0,3,16,4290095,4290079
46200.0,1,17,1959525,1959508
46200.0,2,18,4638199,4638181
46200.0,3,22,4323633,4323611
46400.0,1,17,1973295,1973278
46400.0,2,18,4652761,4652743
46400.0,3,16,4354391,4354375
46600.0,1,17,1983206,1983189
46600.0,2,18,4663273,4663255
46600.0,3,16,4376583,4376567
46800.0,1,17,2001277,2001260
46800.0,2,18,4682389,4682371
46800.0,3,22,4416961,4416939
47000.0,1,17,2017580,2017563
47000.0,2,18,4699669,4699651
47000.0,3,16,4453419,4453403
47200.0,1,17,2023003,2022986
47200.0,2,18,4705393,4705375
47200.0,3,22,4503365,4503343
47400.0,1,17,2023003,2022986
47400.0,2,18,4705393,4705375
47400.0,3,22,4556979,4556957
47600.0,1,17,2023003,2022986
47600.0,2,18,4705393,4705375
47600.0,3,22,4604191,4604169
47800.0,1,17,2023003,2022986
47800.0,2,18,4705393,4705375
47800.0,3,22,4659125,4659103
48000.0,1,17,2023003,2022986
48000.0,2,18,4705393,4705375
48000.0,3,22,4713707,4713685
48200.0,1,17,2023003,2022986
48200.0,2,18,4705393,4705375
48200.0,3,22,4767673,4767651
48400.0,1,17,2023581,2023564
48400.0,2,18,4706793,4706775
48400.0,3,16,4818063,4818047
48600.0,1,17,2037929,2037912
48600.0,2,18,4740553,4740535
48600.0,3,16,4831551,4831535
48800.0,1,17,2051954,2051937
48800.0,2,22,4773535,4773513
48800.0,3,16,4844751,4844735
49000.0,1,17,2063531,2063514
49000.0,2,18,4800793,4800775
49000.0,3,16,4855647,4855631
49200.0,1,17,2080157,2080140
49200.0,2,22,4839895,4839873
49200.0,3,16,4871295,4871279
49400.0,1,17,2096868,2096851
49400.0,2,22,4879215,4879193
49400.0,3,16,4887023,4887007
49600.0,1,17,2111539,2111522
49600.0,2,18,4913713,4913695
49600.0,3,16,4900831,4900815
49800.0,1,17,2128522,2128505
49800.0,2,18,4953673,4953655
49800.0,3,16,4916815,4916799
50000.0,1,17,2145352,2145335
50000.0,2,22,4993295,4993273
50000.0,3,16,4932655,4932639
50200.0,1,17,2162080,2162063
50200.0,2,18,5032673,5032655
50200.0,3,16,4948399,4948383
50400.0,1,17,2178910,2178893
50400.0,2,18,5072273,5072255
50400.0,3,16,4964239,4964223
50600.0,1,17,2195349,2195332
50600.0,2,18,5110913,5110895
50600.0,3,16,4979711,4979695
50800.0,1,17,2211788,2211771
50800.0,2,18,5149593,5149575
50800.0,3,16,4995183,4995167
51000.0,1,17,2228822,2228805
51000.0,2,18,5189673,5189655
51000.0,3,16,5011215,5011199
51200.0,1,17,2245329,2245312
51200.0,2,18,5228553,5228535
51200.0,3,16,5026767,5026751
51400.0,1,17,2261700,2261683
51400.0,2,18,5267033,5267015
51400.0,3,16,5042159,5042143
51600.0,1,17,2278496,2278479
51600.0,2,18,5306593,5306575
51600.0,3,16,5057983,5057967
51800.0,1,17,2295003,2294986
51800.0,2,22,5346339,5346317
51800.0,3,16,5073503,5073487
52000.0,1,17,2295003,2294986
52000.0,2,22,5404133,5404111
52000.0,3,16,5073503,5073487
52200.0,1,17,2295003,2294986
52200.0,2,22,5461069,5461047
52200.0,3,16,5073503,5073487
52400.0,1,17,2295003,2294986
52400.0,2,22,5522185,5522163
52400.0,3,16,5073503,5073487
52600.0,1,17,2295003,2294986
52600.0,2,22,5584885,5584863
52600.0,3,16,5073503,5073487
52800.0,1,17,2295003,2294986
52800.0,2,22,5642327,5642305
52800.0,3,16,5073503,5073487
53000.0,1,17,2295003,2294986
53000.0,2,22,5702871,5702849
53000.0,3,16,5073503,5073487
53200.0,1,17,2295003,2294986
53200.0,2,22,5763151,5763129
53200.0,3,16,5073503,5073487
53400.0,1,17,2299049,2299032
53400.0,2,18,5811677,5811659
53400.0,3,22,5082569,5082547
53600.0,1,17,2315675,2315658
53600.0,2,18,5829299,5829281
53600.0,3,16,5119749,5119733
53800.0,1,17,2332284,2332267
53800.0,2,18,5846867,5846849
53800.0,3,22,5156859,5156837
54000.0,1,17,2349097,2349080
54000.0,2,18,5864687,5864669
54000.0,3,16,5194457,5194441
54200.0,1,17,2364958,2364941
54200.0,2,18,5881481,5881463
54200.0,3,22,5229895,5229873
54400.0,1,17,2379561,2379544
54400.0,2,18,5896943,5896925
54400.0,3,16,5262553,5262537
54600.0,1,17,2392804,2392787
54600.0,2,18,5910947,5910929
54600.0,3,16,5292117,5292101
54800.0,1,17,2401032,2401015
54800.0,2,18,5919677,5919659
54800.0,3,16,5310547,5310531
55000.0,1,17,2415499,2415482
55000.0,2,18,5934995,5934977
55000.0,3,22,5342869,5342847
55200.0,1,17,2434216,2434199
55200.0,2,18,5954795,5954777
55200.0,3,22,5384707,5384685
55400.0,1,17,2449244,2449227
55400.0,2,18,5970725,5970707
55400.0,3,22,5418299,5418277
55600.0,1,17,2463932,2463915
55600.0,2,18,5986277,5986259
55600.0,3,22,5451131,5451109
55800.0,1,17,2477600,2477583
55800.0,2,18,6000749,6000731
55800.0,3,22,5481683,5481661
56000.0,1,17,2491200,2491183
56000.0,2,18,6015131,6015113
56000.0,3,22,5512083,5512061
56200.0,1,17,2505939,2505922
56200.0,2,18,6030755,6030737
56200.0,3,16,5545045,5545029
56400.0,1,17,2520644,2520627
56400.0,2,18,6046325,6046307
56400.0,3,16,5577915,5577899
56600.0,1,17,2534584,2534567
56600.0,2,18,6061067,6061049
56600.0,3,16,5609037,5609021
56800.0,1,17,2545345,2545328
56800.0,2,18,6072479,6072461
56800.0,3,22,5633113,5633091
57000.0,1,17,2556327,2556310
57000.0,2,18,6084089,6084071
57000.0,3,16,5657639,5657623
57200.0,1,17,2571423,2571406
57200.0,2,18,6100091,6100073
57200.0,3,16,5691421,5691405
57400.0,1,17,2588491,2588474
57400.0,2,18,6118163,6118145
57400.0,3,22,5729557,5729535
57600.0,1,17,2603519,2603502
57600.0,2,18,6134075,6134057
57600.0,3,22,5763149,5763127
57800.0,1,17,2619856,2619839
57800.0,2,18,6151355,6151337
57800.0,3,22,5799667,5799645
58000.0,1,17,2636193,2636176
58000.0,2,18,6168653,6168635
58000.0,3,16,5836163,5836147
58200.0,1,17,2651221,2651204
58200.0,2,18,6184565,6184547
58200.0,3,22,5869777,5869755
58400.0,1,17,2652003,2651986
58400.0,2,18,6185393,6185375
58400.0,3,22,5913589,5913567
58600.0,1,17,2652003,2651986
58600.0,2,18,6185393,6185375
58600.0,3,22,5952485,5952463
58800.0,1,17,2652003,2651986
58800.0,2,18,6185393,6185375
58800.0,3,22,5993361,5993339
59000.0,1,17,2652003,2651986
59000.0,2,18,6185393,6185375
59000.0,3,22,6053245,6053223
59200.0,1,17,2652003,2651986
59200.0,2,18,6185393,6185375
59200.0,3,22,6096057,6096035
59400.0,1,17,2652003,2651986
59400.0,2,18,6185393,6185375
59400.0,3,22,6137351,6137329
59600.0,1,17,2652003,2651986
59600.0,2,18,6185393,6185375
59600.0,3,22,6193385,6193363
59800.0,1,17,2660843,2660826
59800.0,2,18,6206193,6206175
59800.0,3,16,6231823,6231807
60000.0,1,17,2675191,2675174
60000.0,2,18,6239993,6239975
60000.0,3,16,6245327,6245311
60200.0,1,17,2689165,2689148
60200.0,2,18,6272833,6272815
60200.0,3,16,6258479,6258463
60400.0,1,17,2707661,2707644
60400.0,2,18,6316353,6316335
60400.0,3,16,6275887,6275871
60600.0,1,17,2723794,2723777
60600.0,2,18,6354353,6354335
60600.0,3,16,6291087,6291071
60800.0,1,17,2740403,2740386
60800.0,2,18,6393433,6393415
60800.0,3,16,6306719,6306703
61000.0,1,17,2757063,2757046
61000.0,2,22,6432615,6432593
61000.0,3,16,6322383,6322367
61200.0,1,17,2772992,2772975
61200.0,2,18,6470113,6470095
61200.0,3,16,6337391,6337375
61400.0,1,17,2788292,2788275
61400.0,2,18,6506113,6506095
61400.0,3,16,6351791,6351775
61600.0,1,17,2801773,2801756
61600.0,2,22,6537815,6537793
61600.0,3,16,6364463,6364447
61800.0,1,17,2818246,2818229
61800.0,2,18,6576553,6576535
61800.0,3,16,6379967,6379951
62000.0,1,17,2830520,2830503
62000.0,2,18,6605433,6605415
62000.0,3,16,6391519,6391503
62200.0,1,17,2837915,2837898
62200.0,2,18,6622873,6622855
62200.0,3,16,6398495,6398479
62400.0,1,17,2853691,2853674
62400.0,2,18,6659993,6659975
62400.0,3,16,6413343,6413327
62600.0,1,17,2871116,2871099
62600.0,2,22,6700975,6700953
62600.0,3,16,6429727,6429711
62800.0,1,17,2884393,2884376
62800.0,2,18,6732193,6732175
62800.0,3,16,6442223,6442207
63000.0,1,17,2895358,2895341
63000.0,2,18,6757993,6757975
63000.0,3,16,6452543,6452527
63200.0,1,17,2906289,2906272
63200.0,2,18,6783713,6783695
63200.0,3,16,6462831,6462815
63400.0,1,17,2917339,2917322
63400.0,2,18,6809753,6809735
63400.0,3,16,6473231,6473215
63600.0,1,17,2924003,2923986
63600.0,2,22,6857491,6857469
63600.0,3,16,6479503,6479487
63800.0,1,17,2924003,2923986
63800.0,2,22,6914207,6914185
63800.0,3,16,6479503,6479487
64000.0,1,17,2924003,2923986
64000.0,2,22,6964081,6964059
64000.0,3,16,6479503,6479487
64200.0,1,17,2924003,2923986
64200.0,2,22,7012723,7012701
64200.0,3,16,6479503,6479487
64400.0,1,17,2924003,2923986
64400.0,2,22,7038771,7038749
64400.0,3,16,6479503,6479487
64600.0,1,17,2924003,2923986
64600.0,2,22,7066007,7065985
64600.0,3,16,6479503,6479487
64800.0,1,17,2924003,2923986
64800.0,2,22,7094607,7094585
64800.0,3,16,6479503,6479487
65000.0,1,17,2924003,2923986
65000.0,2,22,7128201,7128179
65000.0,3,16,6479503,6479487
65200.0,1,17,2924003,2923986
65200.0,2,22,7178955,7178933
65200.0,3,16,6479503,6479487
65400.0,1,17,2924003,2923986
65400.0,2,22,7229291,7229269
65400.0,3,16,6479503,6479487
65600.0,1,17,2924003,2923986
65600.0,2,22,7265921,7265899
65600.0,3,16,6479503,6479487
65800.0,1,17,2932282,2932265
65800.0,2,18,7296177,7296159
65800.0,3,16,6498047,6498031
66000.0,1,17,2944352,2944335
66000.0,2,18,7308957,7308939
66000.0,3,16,6525027,6525011
66200.0,1,17,2956541,2956524
66200.0,2,18,7321845,7321827
66200.0,3,22,6552257,6552235
66400.0,1,17,2968135,2968118
66400.0,2,18,7334121,7334103
66400.0,3,22,6578173,6578151
66600.0,1,17,2978046,2978029
66600.0,2,18,7344633,7344615
66600.0,3,22,6600327,6600305
66800.0,1,17,2990745,2990728
66800.0,2,18,7358079,7358061
66800.0,3,16,6628729,6628713
67000.0,1,17,3003376,3003359
67000.0,2,18,7371435,7371417
67000.0,3,22,6656947,6656925
67200.0,1,17,3013933,3013916
67200.0,2,18,7382613,7382595
67200.0,3,16,6680523,6680507
67400.0,1,17,3025323,3025306
67400.0,2,18,7394673,7394655
67400.0,3,16,6705983,6705967
67600.0,1,17,3041320,3041303
67600.0,2,18,7411611,7411593
67600.0,3,16,6741741,6741725
67800.0,1,17,3055039,3055022
67800.0,2,18,7426137,7426119
67800.0,3,16,6772407,6772391
68000.0,1,17,3068945,3068928
68000.0,2,18,7440879,7440861
68000.0,3,16,6803529,6803513
68200.0,1,17,3084789,3084772
68200.0,2,18,7457655,7457637
68200.0,3,22,6838929,6838907
68400.0,1,17,3099800,3099783
68400.0,2,18,7473549,7473531
68400.0,3,16,6872499,6872483
68600.0,1,17,3114471,3114454
68600.0,2,18,7489083,7489065
68600.0,3,22,6905277,6905255
68800.0,1,17,3129346,3129329
68800.0,2,18,7504833,7504815
68800.0,3,22,6938527,6938505
69000.0,1,17,3145173,3145156
69000.0,2,18,7521573,7521555
69000.0,3,22,6973905,6973883
69200.0,1,17,3159096,3159079
69200.0,2,18,7536333,7536315
69200.0,3,16,7005043,7005027
69400.0,1,17,3168905,3168888
69400.0,2,18,7546719,7546701
69400.0,3,22,7026953,7026931
69600.0,1,17,3182165,3182148
69600.0,2,18,7560759,7560741
69600.0,3,16,7056609,7056593
69800.0,1,17,3200848,3200831
69800.0,2,18,7580523,7580505
69800.0,3,22,7098355,7098333
70000.0,1,17,3216352,3216335
70000.0,2,18,7596957,7596939
70000.0,3,16,7133027,7133011
70200.0,1,17,3230241,3230224
70200.0,2,18,7611663,7611645
70200.0,3,16,7164073,7164057
70400.0,1,17,3245915,3245898
70400.0,2,18,7628259,7628241
70400.0,3,16,7199109,7199093
70600.0,1,17,3254670,3254653
70600.0,2,18,7637511,7637493
70600.0,3,16,7218641,7218625
70800.0,1,17,3263969,3263952
70800.0,2,18,7647357,7647339
70800.0,3,22,7239449,7239427
71000.0,1,17,3280391,3280374
71000.0,2,18,7664763,7664745
71000.0,3,16,7276173,7276157
71200.0,1,17,3281003,3280986
71200.0,2,18,7665393,7665375
71200.0,3,22,7338047,7338025
71400.0,1,17,3281003,3280986
71400.0,2,18,7665393,7665375
71400.0,3,22,7398965,7398943
71600.0,1,17,3281003,3280986
71600.0,2,18,7665393,7665375
71600.0,3,22,7448487,7448465
71800.0,1,17,3281003,3280986
71800.0,2,18,7665393,7665375
71800.0,3,22,7508723,7508701
72000.0,1,17,3281003,3280986
72000.0,2,18,7665393,7665375
72000.0,3,22,7561149,7561127
72200.0,1,17,3281003,3280986
72200.0,2,18,7665393,7665375
72200.0,3,22,7604005,7603983
72400.0,1,17,3287395,3287378
72400.0,2,22,7680455,7680433
72400.0,3,16,7635519,7635503
72600.0,1,17,3301386,3301369
72600.0,2,18,7713393,7713375
72600.0,3,16,7648703,7648687
72800.0,1,17,3316890,3316873
72800.0,2,22,7749855,7749833
72800.0,3,16,7663279,7663263
73000.0,1,17,3331544,3331527
73000.0,2,18,7784353,7784335
73000.0,3,16,7677087,7677071
73200.0,1,17,3345178,3345161
73200.0,2,22,7816415,7816393
73200.0,3,16,7689903,7689887
73400.0,1,17,3358098,3358081
73400.0,2,18,7846833,7846815
73400.0,3,16,7702063,7702047
73600.0,1,17,3375013,3374996
73600.0,2,18,7886633,7886615
73600.0,3,16,7717999,7717983
73800.0,1,17,3390993,3390976
73800.0,2,18,7924233,7924215
73800.0,3,16,7733039,7733023
74000.0,1,17,3407160,3407143
74000.0,2,18,7962233,7962215
74000.0,3,16,7748239,7748223
74200.0,1,17,3422460,3422443
74200.0,2,18,7998273,7998255
74200.0,3,16,7762655,7762639
74400.0,1,17,3437148,3437131
74400.0,2,22,8032815,8032793
74400.0,3,16,7776463,7776447
74600.0,1,17,3452448,3452431
74600.0,2,22,8068815,8068793
74600.0,3,16,7790863,7790847
74800.0,1,17,3467595,3467578
74800.0,2,18,8104433,8104415
74800.0,3,16,7805119,7805103
75000.0,1,17,3483388,3483371
75000.0,2,18,8141593,8141575
75000.0,3,16,7819983,7819967
75200.0,1,17,3498093,3498076
75200.0,2,18,8176233,8176215
75200.0,3,16,7833839,7833823
75400.0,1,17,3511506,3511489
75400.0,2,18,8207753,8207735
75400.0,3,16,7846447,7846431
75600.0,1,17,3525191,3525174
75600.0,2,18,8239993,8239975
75600.0,3,16,7859327,7859311
75800.0,1,17,3538740,3538723
75800.0,2,18,8271873,8271855
75800.0,3,16,7872095,7872079
76000.0,1,17,3553003,3552986
76000.0,2,22,8320375,8320353
76000.0,3,16,7885503,7885487
76200.0,1,17,3553003,3552986
76200.0,2,22,8383669,8383647
76200.0,3,16,7885503,7885487
76400.0,1,17,3553003,3552986
76400.0,2,22,8447293,8447271
76400.0,3,16,7885503,7885487
76600.0,1,17,3553003,3552986
76600.0,2,22,8510499,8510477
76600.0,3,16,7885503,7885487
76800.0,1,17,3553003,3552986
76800.0,2,22,8572187,8572165
76800.0,3,16,7885503,7885487
77000.0,1,17,3553003,3552986
77000.0,2,22,8632423,8632401
77000.0,3,16,7885503,7885487
77200.0,1,17,3553003,3552986
77200.0,2,22,8694991,8694969
77200.0,3,16,7885503,7885487
77400.0,1,17,3553003,3552986
77400.0,2,22,8757999,8757977
77400.0,3,16,7885503,7885487
77600.0,1,17,3568014,3567997
77600.0,2,18,8783287,8783269
77600.0,3,16,7919057,7919041
77800.0,1,17,3585915,3585898
77800.0,2,18,8802241,8802223
77800.0,3,16,7959071,7959055
78000.0,1,17,3603221,3603204
78000.0,2,18,8820583,8820565
78000.0,3,22,7997777,7997755
78200.0,1,17,3619286,3619269
78200.0,2,18,8837593,8837575
78200.0,3,22,8033687,8033665
78400.0,1,17,3631050,3631033
78400.0,2,18,8850031,8850013
78400.0,3,22,8059983,8059961
78600.0,1,17,3643460,3643443
78600.0,2,18,8863171,8863153
78600.0,3,16,8087701,8087685
78800.0,1,17,3658284,3658267
78800.0,2,18,8878885,8878867
78800.0,3,16,8120875,8120859
79000.0,1,17,3674995,3674978
79000.0,2,18,8896579,8896561
79000.0,3,16,8158229,8158213
79200.0,1,17,3688204,3688187
79200.0,2,18,8910565,8910547
79200.0,3,16,8187755,8187739
79400.0,1,17,3699050,3699033
79400.0,2,18,8922031,8922013
79400.0,3,16,8211961,8211945
79600.0,1,17,3715047,3715030
79600.0,2,18,8938969,8938951
79600.0,3,16,8247719,8247703
79800.0,1,17,3731469,3731452
79800.0,2,18,8956357,8956339
79800.0,3,22,8284449,8284427
80000.0,1,17,3746735,3746718
80000.0,2,18,8972521,8972503
80000.0,3,16,8318551,8318535
80200.0,1,17,3761899,3761882
80200.0,2,18,8988577,8988559
80200.0,3,16,8352447,8352431
80400.0,1,17,3777726,3777709
80400.0,2,18,9005353,9005335
80400.0,3,16,8387863,8387847
80600.0,1,17,3793315,3793298
80600.0,2,18,9021841,9021823
80600.0,3,16,8422671,8422655
80800.0,1,17,3807935,3807918
80800.0,2,18,9037339,9037321
80800.0,3,16,8455389,8455373
81000.0,1,17,3820345,3820328
81000.0,2,18,9050461,9050443
81000.0,3,22,8483113,8483091
81200.0,1,17,3834880,3834863
81200.0,2,18,9065851,9065833
81200.0,3,22,8515603,8515581
81400.0,1,17,3850282,3850265
81400.0,2,18,9082177,9082159
81400.0,3,16,8550047,8550031
81600.0,1,17,3864732,3864715
81600.0,2,18,9097477,9097459
81600.0,3,22,8582331,8582309
81800.0,1,17,3878128,3878111
81800.0,2,18,9111643,9111625
81800.0,3,16,8612253,8612237
82000.0,1,17,3891116,3891099
82000.0,2,18,9125395,9125377
82000.0,3,16,8641285,8641269
82200.0,1,17,3906501,3906484
82200.0,2,18,9141703,9141685
82200.0,3,22,8675697,8675675
82400.0,1,17,3910003,3909986
82400.0,2,18,9145393,9145375
82400.0,3,22,8724555,8724533
82600.0,1,17,3910003,3909986
82600.0,2,18,9145393,9145375
82600.0,3,22,8765805,8765783
82800.0,1,17,3910003,3909986
82800.0,2,18,9145393,9145375
82800.0,3,22,8821663,8821641
83000.0,1,17,3910003,3909986
83000.0,2,18,9145393,9145375
83000.0,3,22,8868127,8868105
83200.0,1,17,3910003,3909986
83200.0,2,18,9145393,9145375
83200.0,3,22,8916923,8916901
83400.0,1,17,3910003,3909986
83400.0,2,18,9145393,9145375
83400.0,3,22,8979667,8979645
83600.0,1,17,3911822,3911805
83600.0,2,18,9149713,9149695
83600.0,3,16,9037231,9037215
83800.0,1,17,3928686,3928669
83800.0,2,18,9189393,9189375
83800.0,3,16,9053103,9053087
84000.0,1,17,3945941,3945924
84000.0,2,18,9229953,9229935
84000.0,3,16,9069327,9069311
84200.0,1,17,3963060,3963043
84200.0,2,18,9270233,9270215
84200.0,3,16,9085439,9085423
84400.0,1,17,3981097,3981080
84400.0,2,18,9312713,9312695
84400.0,3,16,9102415,9102399
84600.0,1,17,3998471,3998454
84600.0,2,18,9353593,9353575
84600.0,3,16,9118767,9118751
84800.0,1,17,4015913,4015896
84800.0,2,22,9394615,9394593
84800.0,3,16,9135183,9135167
85000.0,1,17,4031944,4031927
85000.0,2,18,9432313,9432295
85000.0,3,16,9150271,9150255
85200.0,1,17,4048927,4048910
85200.0,2,18,9472273,9472255
85200.0,3,16,9166255,9166239
85400.0,1,17,4066284,4066267
85400.0,2,18,9513113,9513095
85400.0,3,16,9182591,9182575
85600.0,1,17,4084168,4084151
85600.0,2,18,9555233,9555215
85600.0,3,16,9199423,9199407
85800.0,1,17,4101729,4101712
85800.0,2,18,9596553,9596535
85800.0,3,16,9215967,9215951
86000.0,1,17,4118440,4118423
86000.0,2,18,9635873,9635855
86000.0,3,16,9231695,9231679
86200.0,1,17,4134879,4134862
86200.0,2,18,9674513,9674495
86200.0,3,16,9247151,9247135
86400.0,1,17,4152525,4152508
86400.0,2,18,9716073,9716055
86400.0,3,16,9263775,9263759
86600.0,1,17,4170460,4170443
86600.0,2,18,9758273,9758255
86600.0,3,16,9280639,9280623
86800.0,1,17,4182003,4181986
86800.0,2,22,9806183,9806161
86800.0,3,16,9291503,9291487
87000.0,1,17,4182003,4181986
87000.0,2,22,9866903,9866881
87000.0,3,16,9291503,9291487
87200.0,1,17,4182003,4181986
87200.0,2,22,9924147,9924125
87200.0,3,16,9291503,9291487
87400.0,1,17,4182003,4181986
87400.0,2,22,9984955,9984933
87400.0,3,16,9291503,9291487
87600.0,1,17,4182003,4181986
87600.0,2,22,10045631,10045609
87600.0,3,16,9291503,9291487
87800.0,1,17,4182003,4181986
87800.0,2,22,10107253,10107231
87800.0,3,16,9291503,9291487
88000.0,1,17,4182003,4181986
88000.0,2,22,10169799,10169777
88000.0,3,16,9291503,9291487
88200.0,1,17,4182003,4181986
88200.0,2,22,10233863,10233841
88200.0,3,16,9291503,9291487
88400.0,1,17,4191710,4191693
88400.0,2,18,10257671,10257653
88400.0,3,16,9313201,9313185
88600.0,1,17,4207792,4207775
88600.0,2,18,10274717,10274699
88600.0,3,16,9349187,9349171
88800.0,1,17,4225897,4225880
88800.0,2,18,10293869,10293851
88800.0,3,16,9389619,9389603
89000.0,1,17,4243237,4243220
89000.0,2,18,10312247,10312229
89000.0,3,22,9428401,9428379
89200.0,1,17,4260458,4260441
89200.0,2,18,10330463,10330445
89200.0,3,16,9466873,9466857
89400.0,1,17,4277781,4277764
89400.0,2,18,10348823,10348805
89400.0,3,22,9505617,9505595
89600.0,1,17,4294781,4294764
89600.0,2,18,10366805,10366787
89600.0,3,16,9543595,9543579
89800.0,1,17,4309401,4309384
89800.0,2,18,10382285,10382267
89800.0,3,16,9576275,9576259
90000.0,1,17,4319771,4319754
90000.0,2,18,10393265,10393247
90000.0,3,16,9599455,9599439
90200.0,1,17,4334969,4334952
90200.0,2,18,10409375,10409357
90200.0,3,22,9633449,9633427
90400.0,1,17,4352887,4352870
90400.0,2,18,10428347,10428329
90400.0,3,22,9673501,9673479
90600.0,1,17,4367813,4367796
90600.0,2,18,10444133,10444115
90600.0,3,22,9706865,9706843
90800.0,1,17,4382858,4382841
90800.0,2,18,10460063,10460045
90800.0,3,16,9740473,9740457
91000.0,1,17,4396662,4396645
91000.0,2,18,10474679,10474661
91000.0,3,16,9771329,9771313
91200.0,1,17,4410432,4410415
91200.0,2,18,10489259,10489241
91200.0,3,22,9802131,9802109
91400.0,1,17,4424576,4424559
91400.0,2,18,10504253,10504235
91400.0,3,22,9833747,9833725
91600.0,1,17,4435575,4435558
91600.0,2,18,10515881,10515863
91600.0,3,16,9858311,9858295
91800.0,1,17,4448223,4448206
91800.0,2,18,10529291,10529273
91800.0,3,16,9886621,9886605
92000.0,1,17,4467076,4467059
92000.0,2,18,10549235,10549217
92000.0,3,22,9928747,9928725
92200.0,1,17,4486014,4485997
92200.0,2,18,10569287,10569269
92200.0,3,16,9971057,9971041
92400.0,1,17,4504272,4504255
92400.0,2,18,10588637,10588619
92400.0,3,22,10011891,10011869
92600.0,1,17,4519861,4519844
92600.0,2,18,10605125,10605107
92600.0,3,16,10046715,10046699
92800.0,1,17,4538000,4537983
92800.0,2,18,10624349,10624331
92800.0,3,22,10087283,10087261
93000.0,1,17,4539003,4538986
93000.0,2,18,10625393,10625375
93000.0,3,22,10121381,10121359
93200.0,1,17,4539003,4538986
93200.0,2,18,10625393,10625375
93200.0,3,22,10173301,10173279
93400.0,1,17,4539003,4538986
93400.0,2,18,10625393,10625375
93400.0,3,22,10240929,10240907
93600.0,1,17,4539003,4538986
93600.0,2,18,10625393,10625375
93600.0,3,22,10303299,10303277
93800.0,1,17,4539003,4538986
93800.0,2,18,10625393,10625375
93800.0,3,22,10363689,10363667
94000.0,1,17,4539003,4538986
94000.0,2,18,10625393,10625375
94000.0,3,22,10422253,10422231
94200.0,1,17,4551260,4551243
94200.0,2,18,10654273,10654255
94200.0,3,16,10453039,10453023
94400.0,1,17,4568651,4568634
94400.0,2,18,10695193,10695175
94400.0,3,16,10469423,10469407
94600.0,1,17,4586161,4586144
94600.0,2,18,10736393,10736375
94600.0,3,16,10485887,10485871
94800.0,1,17,4603807,4603790
94800.0,2,18,10777873,10777855
94800.0,3,16,10502495,10502479
95000.0,1,17,4620909,4620892
95000.0,2,22,10818135,10818113
95000.0,3,16,10518591,10518575
95200.0,1,17,4638827,4638810
95200.0,2,22,10860295,10860273
95200.0,3,16,10535455,10535439
95400.0,1,17,4657221,4657204
95400.0,2,18,10903593,10903575
95400.0,3,16,10552767,10552751
95600.0,1,17,4674544,4674527
95600.0,2,18,10944313,10944295
95600.0,3,16,10569071,10569055
95800.0,1,17,4692190,4692173
95800.0,2,18,10985833,10985815
95800.0,3,16,10585679,10585663
96000.0,1,17,4709598,4709581
96000.0,2,18,11026833,11026815
96000.0,3,16,10602079,10602063
96200.0,1,17,4727890,4727873
96200.0,2,18,11069833,11069815
96200.0,3,16,10619279,10619263
96400.0,1,17,4745230,4745213
96400.0,2,18,11110673,11110655
96400.0,3,16,10635599,10635583
96600.0,1,17,4763114,4763097
96600.0,2,18,11152713,11152695
96600.0,3,16,10652431,10652415
96800.0,1,17,4779485,4779468
96800.0,2,18,11191273,11191255
96800.0,3,16,10667855,10667839
97000.0,1,17,4797063,4797046
97000.0,2,18,11232593,11232575
97000.0,3,16,10684383,10684367
97200.0,1,17,4811003,4810986
97200.0,2,22,11278527,11278505
97200.0,3,16,10697503,10697487
97400.0,1,17,4811003,4810986
97400.0,2,22,11340325,11340303
97400.0,3,16,10697503,10697487
97600.0,1,17,4811003,4810986
97600.0,2,22,11400297,11400275
97600.0,3,16,10697503,10697487
97800.0,1,17,4811003,4810986
97800.0,2,22,11462711,11462689
97800.0,3,16,10697503,10697487
98000.0,1,17,4811003,4810986
98000.0,2,22,11525323,11525301
98000.0,3,16,10697503,10697487
98200.0,1,17,4811003,4810986
98200.0,2,22,11587693,11587671
98200.0,3,16,10697503,10697487
98400.0,1,17,4811003,4810986
98400.0,2,22,11649557,11649535
98400.0,3,16,10697503,10697487
98600.0,1,17,4811003,4810986
98600.0,2,22,11708847,11708825
98600.0,3,16,10697503,10697487
98800.0,1,17,4823328,4823311
98800.0,2,18,11740443,11740425
98800.0,3,22,10725075,10725053
99000.0,1,17,4841280,4841263
99000.0,2,18,11759451,11759433
99000.0,3,16,10765181,10765165
99200.0,1,17,4858161,4858144
99200.0,2,18,11777343,11777325
99200.0,3,22,10802937,10802915
99400.0,1,17,4870741,4870724
99400.0,2,18,11790645,11790627
99400.0,3,22,10831057,10831035
99600.0,1,17,4889594,4889577
99600.0,2,18,11810607,11810589
99600.0,3,16,10873177,10873161
99800.0,1,17,4909450,4909433
99800.0,2,18,11831631,11831613
99800.0,3,16,10917561,10917545
100000.0,1,17,4925481,4925464
100000.0,2,18,11848605,11848587
100000.0,3,16,10953395,10953379
100200.0,1,17,4942396,4942379
100200.0,2,18,11866515,11866497
100200.0,3,22,10991227,10991205
100400.0,1,17,4960994,4960977
100400.0,2,18,11886207,11886189
100400.0,3,22,11032799,11032777
100600.0,1,17,4978470,4978453
100600.0,2,18,11904711,11904693
100600.0,3,16,11071841,11071825
100800.0,1,17,4996490,4996473
100800.0,2,18,11923791,11923773
100800.0,3,22,11112143,11112121
101000.0,1,17,5014476,5014459
101000.0,2,18,11942835,11942817
101000.0,3,16,11152325,11152309
101200.0,1,17,5031034,5031017
101200.0,2,18,11960385,11960367
101200.0,3,16,11189375,11189359
101400.0,1,17,5048408,5048391
101400.0,2,18,11978763,11978745
101400.0,3,16,11228173,11228157
101600.0,1,17,5066173,5066156
101600.0,2,18,11997573,11997555
101600.0,3,16,11267883,11267867
101800.0,1,17,5083649,5083632
101800.0,2,18,12016077,12016059
101800.0,3,22,11306969,11306947
102000.0,1,17,5101431,5101414
102000.0,2,18,12034923,12034905
102000.0,3,22,11346717,11346695
102200.0,1,17,5119111,5119094
102200.0,2,18,12053643,12053625
102200.0,3,22,11386237,11386215
102400.0,1,17,5137709,5137692
102400.0,2,18,12073317,12073299
102400.0,3,16,11427787,11427771
102600.0,1,17,5154692,5154675
102600.0,2,18,12091317,12091299
102600.0,3,22,11465771,11465749
102800.0,1,17,5168003,5167986
102800.0,2,18,12105393,12105375
102800.0,3,22,11509187,11509165
103000.0,1,17,5168003,5167986
103000.0,2,18,12105393,12105375
103000.0,3,22,11574637,11574615
103200.0,1,17,5168003,5167986
103200.0,2,18,12105393,12105375
103200.0,3,22,11638767,11638745
103400.0,1,17,5168003,5167986
103400.0,2,18,12105393,12105375
103400.0,3,22,11703601,11703579
103600.0,1,17,5168003,5167986
103600.0,2,18,12105393,12105375
103600.0,3,22,11765553,11765531
103800.0,1,17,5168003,5167986
103800.0,2,18,12105393,12105375
103800.0,3,22,11830101,11830079
104000.0,1,17,5180056,5180039
104000.0,2,18,12133793,12133775
104000.0,3,16,11858847,11858831
104200.0,1,17,5196988,5196971
104200.0,2,18,12173593,12173575
104200.0,3,16,11874783,11874767
104400.0,1,17,5214872,5214855
104400.0,2,18,12215713,12215695
104400.0,3,16,11891615,11891599
104600.0,1,17,5232042,5232025
104600.0,2,18,12256113,12256095
104600.0,3,16,11907791,11907775
104800.0,1,17,5249892,5249875
104800.0,2,18,12298073,12298055
104800.0,3,16,11924575,11924559
105000.0,1,17,5267181,5267164
105000.0,2,18,12338793,12338775
105000.0,3,16,11940863,11940847
105200.0,1,17,5284436,5284419
105200.0,2,18,12379353,12379335
105200.0,3,16,11957087,11957071
105400.0,1,17,5301249,5301232
105400.0,2,22,12418935,12418913
105400.0,3,16,11972911,11972895
105600.0,1,17,5317926,5317909
105600.0,2,18,12458193,12458175
105600.0,3,16,11988623,11988607
105800.0,1,17,5334586,5334569
105800.0,2,22,12497375,12497353
105800.0,3,16,12004287,12004271
106000.0,1,17,5351450,5351433
106000.0,2,18,12537073,12537055
106000.0,3,16,12020159,12020143
106200.0,1,17,5369555,5369538
106200.0,2,22,12579655,12579633
106200.0,3,16,12037199,12037183
106400.0,1,17,5386861,5386844
106400.0,2,18,12620393,12620375
106400.0,3,16,12053503,12053487
106600.0,1,17,5404422,5404405
106600.0,2,22,12661695,12661673
106600.0,3,16,12070015,12069999
106800.0,1,17,5421864,5421847
106800.0,2,18,12702713,12702695
106800.0,3,16,12086431,12086415
107000.0,1,17,5439187,5439170
107000.0,2,18,12743473,12743455
107000.0,3,16,12102735,12102719
107200.0,1,17,5440003,5439986
107200.0,2,22,12803627,12803605
107200.0,3,16,12103503,12103487
107400.0,1,17,5440003,5439986
107400.0,2,22,12862587,12862565
107400.0,3,16,12103503,12103487
107600.0,1,17,5440003,5439986
107600.0,2,22,12925507,12925485
107600.0,3,16,12103503,12103487
107800.0,1,17,5440003,5439986
107800.0,2,22,12986183,12986161
107800.0,3,16,12103503,12103487
108000.0,1,17,5440003,5439986
108000.0,2,22,13047959,13047937
108000.0,3,16,12103503,12103487
108200.0,1,17,5440003,5439986
108200.0,2,22,13109185,13109163
108200.0,3,16,12103503,12103487
108400.0,1,17,5440003,5439986
108400.0,2,22,13170873,13170851
108400.0,3,16,12103503,12103487
108600.0,1,17,5445953,5445936
108600.0,2,18,13213711,13213693
108600.0,3,22,12116825,12116803
108800.0,1,17,5460165,5460148
108800.0,2,18,13228741,13228723
108800.0,3,16,12148571,12148555
109000.0,1,17,5477930,5477913
109000.0,2,18,13247569,13247551
109000.0,3,22,12188303,12188281
109200.0,1,17,5496528,5496511
109200.0,2,18,13267243,13267225
109200.0,3,16,12229853,12229837
109400.0,1,17,5513120,5513103
109400.0,2,18,13284829,13284811
109400.0,3,22,12266963,12266941
109600.0,1,17,5531378,5531361
109600.0,2,18,13304143,13304125
109600.0,3,22,12307775,12307753
109800.0,1,17,5548922,5548905
109800.0,2,18,13322719,13322701
109800.0,3,16,12346969,12346953
110000.0,1,17,5566415,5566398
110000.0,2,18,13341241,13341223
110000.0,3,16,12386071,12386055
110200.0,1,17,5584044,5584027
110200.0,2,18,13359907,13359889
110200.0,3,16,12425477,12425461
110400.0,1,17,5600228,5600211
110400.0,2,18,13377043,13377025
110400.0,3,16,12461653,12461637
110600.0,1,17,5616633,5616616
110600.0,2,18,13394413,13394395
110600.0,3,22,12498345,12498323
110800.0,1,17,5634109,5634092
110800.0,2,18,13412917,13412899
110800.0,3,16,12537387,12537371
111000.0,1,17,5651398,5651381
111000.0,2,18,13431223,13431205
111000.0,3,16,12576033,12576017
111200.0,1,17,5668517,5668500
111200.0,2,18,13449349,13449331
111200.0,3,22,12614321,12614299
111400.0,1,17,5685857,5685840
111400.0,2,18,13467727,13467709
111400.0,3,22,12653081,12653059
111600.0,1,17,5702330,5702313
111600.0,2,18,13485151,13485133
111600.0,3,16,12689881,12689865
111800.0,1,17,5719211,5719194
111800.0,2,18,13503025,13503007
111800.0,3,16,12727615,12727599
112000.0,1,17,5736602,5736585
112000.0,2,18,13521457,13521439
112000.0,3,22,12766511,12766489
112200.0,1,17,5754367,5754350
112200.0,2,18,13540267,13540249
112200.0,3,16,12806237,12806221
112400.0,1,17,5771146,5771129
112400.0,2,18,13558033,13558015
112400.0,3,22,12843727,12843705
112600.0,1,17,5787959,5787942
112600.0,2,18,13575835,13575817
112600.0,3,16,12881325,12881309
112800.0,1,17,5797003,5796986
112800.0,2,18,13585393,13585375
112800.0,3,22,12927001,12926979
113000.0,1,17,5797003,5796986
113000.0,2,18,13585393,13585375
113000.0,3,22,12987721,12987699
113200.0,1,17,5797003,5796986
113200.0,2,18,13585393,13585375
113200.0,3,22,13052137,13052115
113400.0,1,17,5797003,5796986
113400.0,2,18,13585393,13585375
113400.0,3,22,13112395,13112373
113600.0,1,17,5797003,5796986
113600.0,2,18,13585393,13585375
113600.0,3,22,13173753,13173731
113800.0,1,17,5797003,5796986
113800.0,2,18,13585393,13585375
113800.0,3,22,13234517,13234495
114000.0,1,17,5808291,5808274
114000.0,2,18,13611953,13611935
114000.0,3,16,13264127,13264111
114200.0,1,17,5823693,5823676
114200.0,2,18,13648193,13648175
114200.0,3,16,13278623,13278607
114400.0,1,17,5840880,5840863
114400.0,2,18,13688673,13688655
114400.0,3,16,13294815,13294799
114600.0,1,17,5858220,5858203
114600.0,2,18,13729433,13729415
114600.0,3,16,13311119,13311103
114800.0,1,17,5875237,5875220
114800.0,2,18,13769513,13769495
114800.0,3,16,13327151,13327135
115000.0,1,17,5892016,5891999
115000.0,2,22,13808975,13808953
115000.0,3,16,13342927,13342911
115200.0,1,17,5908472,5908455
115200.0,2,18,13847713,13847695
115200.0,3,16,13358431,13358415
115400.0,1,17,5925183,5925166
115400.0,2,18,13887033,13887015
115400.0,3,16,13374143,13374127
115600.0,1,17,5941860,5941843
115600.0,2,18,13926233,13926215
115600.0,3,16,13389839,13389823
115800.0,1,17,5958928,5958911
115800.0,2,18,13966393,13966375
115800.0,3,16,13405903,13405887
116000.0,1,17,5976319,5976302
116000.0,2,18,14007313,14007295
116000.0,3,16,13422271,13422255
116200.0,1,17,5993013,5992996
116200.0,2,18,14046633,14046615
116200.0,3,16,13437983,13437967
116400.0,1,17,6010047,6010030
116400.0,2,18,14086713,14086695
116400.0,3,16,13454015,13453999
116600.0,1,17,6027234,6027217
116600.0,2,18,14127153,14127135
116600.0,3,16,13470191,13470175
116800.0,1,17,6045441,6045424
116800.0,2,18,14169993,14169975
116800.0,3,16,13487343,13487327
117000.0,1,17,6062509,6062492
117000.0,2,18,14210153,14210135
117000.0,3,16,13503391,13503375
117200.0,1,17,6069003,6068986
117200.0,2,22,14265411,14265389
117200.0,3,16,13509503,13509487
117400.0,1,17,6069003,6068986
117400.0,2,22,14327891,14327869
117400.0,3,16,13509503,13509487
117600.0,1,17,6069003,6068986
117600.0,2,22,14390151,14390129
117600.0,3,16,13509503,13509487
117800.0,1,17,6069003,6068986
117800.0,2,22,14453093,14453071
117800.0,3,16,13509503,13509487
118000.0,1,17,6069003,6068986
118000.0,2,22,14516079,14516057
118000.0,3,16,13509503,13509487
118200.0,1,17,6069003,6068986
118200.0,2,22,14580627,14580605
118200.0,3,16,13509503,13509487
118400.0,1,17,6069003,6068986
118400.0,2,22,14632921,14632899
118400.0,3,16,13509503,13509487
118600.0,1,17,6070890,6070873
118600.0,2,18,14689391,14689373
118600.0,3,22,13513743,13513721
118800.0,1,17,6089352,6089335
118800.0,2,18,14708939,14708921
118800.0,3,16,13554989,13554973
119000.0,1,17,6107457,6107440
119000.0,2,18,14728127,14728109
119000.0,3,16,13595497,13595481
119200.0,1,17,6123539,6123522
119200.0,2,18,14745137,14745119
119200.0,3,16,13631407,13631391
119400.0,1,17,6138788,6138771
119400.0,2,18,14761283,14761265
119400.0,3,16,13665493,13665477
119600.0,1,17,6157352,6157335
119600.0,2,18,14780957,14780939
119600.0,3,22,13707011,13706989
119800.0,1,17,6172040,6172023
119800.0,2,18,14796491,14796473
119800.0,3,22,13739843,13739821
120000.0,1,17,6185317,6185300
120000.0,2,18,14810549,14810531
120000.0,3,16,13769499,13769483
120200.0,1,17,6200515,6200498
120200.0,2,18,14826641,14826623
120200.0,3,16,13803471,13803455
120400.0,1,17,6219334,6219317
120400.0,2,18,14846567,14846549
120400.0,3,16,13845537,13845521
120600.0,1,17,6237269,6237252
120600.0,2,18,14865557,14865539
120600.0,3,22,13885649,13885627
120800.0,1,17,6254422,6254405
120800.0,2,18,14883719,14883701
120800.0,3,22,13923991,13923969
121000.0,1,17,6271915,6271898
121000.0,2,18,14902241,14902223
121000.0,3,22,13963093,13963071
121200.0,1,17,6288932,6288915
121200.0,2,18,14920259,14920241
121200.0,3,22,14001131,14001109
121400.0,1,17,6306561,6306544
121400.0,2,18,14938943,14938925
121400.0,3,16,14040553,14040537
121600.0,1,17,6322014,6321997
121600.0,2,18,14955287,14955269
121600.0,3,16,14075057,14075041
121800.0,1,17,6334900,6334883
121800.0,2,18,14968949,14968931
121800.0,3,16,14103899,14103883
122000.0,1,17,6350829,6350812
122000.0,2,18,14985797,14985779
122000.0,3,22,14139489,14139467
122200.0,1,17,6370804,6370787
122200.0,2,18,15006947,15006929
122200.0,3,22,14184139,14184117
122400.0,1,17,6389266,6389249
122400.0,2,18,15026495,15026477
122400.0,3,22,14225407,14225385
122600.0,1,17,6402475,6402458
122600.0,2,18,15040481,15040463
122600.0,3,16,14254911,14254895
122800.0,1,17,6416109,6416092
122800.0,2,18,15054935,15054917
122800.0,3,22,14285409,14285387
123000.0,1,17,6426003,6425986
123000.0,2,18,15065393,15065375
123000.0,3,22,14334299,14334277
123200.0,1,17,6426003,6425986
123200.0,2,18,15065393,15065375
123200.0,3,22,14388485,14388463
123400.0,1,17,6426003,6425986
123400.0,2,18,15065393,15065375
123400.0,3,22,14441813,14441791
123600.0,1,17,6426003,6425986
123600.0,2,18,15065393,15065375
123600.0,3,22,14500399,14500377
123800.0,1,17,6426003,6425986
123800.0,2,18,15065393,15065375
123800.0,3,22,14559007,14558985
124000.0,1,17,6426003,6425986
124000.0,2,18,15065393,15065375
124000.0,3,22,14618121,14618099
124200.0,1,17,6430950,6430933
124200.0,2,18,15077073,15077055
124200.0,3,16,14664175,14664159
124400.0,1,17,6447287,6447270
124400.0,2,22,15115495,15115473
124400.0,3,16,14679535,14679519
124600.0,1,17,6464559,6464542
124600.0,2,22,15156135,15156113
124600.0,3,16,14695791,14695775
124800.0,1,17,6480624,6480607
124800.0,2,22,15193935,15193913
124800.0,3,16,14710911,14710895
125000.0,1,17,6496111,6496094
125000.0,2,18,15230353,15230335
125000.0,3,16,14725487,14725471
125200.0,1,17,6512601,6512584
125200.0,2,18,15269193,15269175
125200.0,3,16,14741023,14741007
125400.0,1,17,6528020,6528003
125400.0,2,18,15305433,15305415
125400.0,3,16,14755519,14755503
125600.0,1,17,6543915,6543898
125600.0,2,18,15342833,15342815
125600.0,3,16,14770479,14770463
125800.0,1,17,6561476,6561459
125800.0,2,18,15384153,15384135
125800.0,3,16,14787007,14786991
126000.0,1,17,6579122,6579105
126000.0,2,18,15425673,15425655
126000.0,3,16,14803615,14803599
126200.0,1,17,6595833,6595816
126200.0,2,18,15465033,15465015
126200.0,3,16,14819343,14819327
126400.0,1,17,6613581,6613564
126400.0,2,18,15506753,15506735
126400.0,3,16,14836047,14836031
126600.0,1,17,6631941,6631924
126600.0,2,18,15549993,15549975
126600.0,3,16,14853343,14853327
126800.0,1,17,6649672,6649655
126800.0,2,18,15591713,15591695
126800.0,3,16,14870015,14869999
127000.0,1,17,6667590,6667573
127000.0,2,18,15633873,15633855
127000.0,3,16,14886879,14886863
127200.0,1,17,6685933,6685916
127200.0,2,18,15676993,15676975
127200.0,3,16,14904143,14904127
127400.0,1,17,6698003,6697986
127400.0,2,22,15725963,15725941
127400.0,3,16,14915503,14915487
127600.0,1,17,6698003,6697986
127600.0,2,22,15786903,15786881
127600.0,3,16,14915503,14915487
127800.0,1,17,6698003,6697986
127800.0,2,22,15848085,15848063
127800.0,3,16,14915503,14915487
128000.0,1,17,6698003,6697986
128000.0,2,22,15912193,15912171
128000.0,3,16,14915503,14915487
128200.0,1,17,6698003,6697986
128200.0,2,22,15972583,15972561
128200.0,3,16,14915503,14915487
128400.0,1,17,6698003,6697986
128400.0,2,22,16034227,16034205
128400.0,3,16,14915503,14915487
128600.0,1,17,6698003,6697986
128600.0,2,22,16097477,16097455
128600.0,3,16,14915503,14915487
128800.0,1,17,6698003,6697986
128800.0,2,22,16160243,16160221
128800.0,3,16,14915503,14915487
129000.0,1,17,6710277,6710260
129000.0,2,18,16191407,16191389
129000.0,3,22,14942961,14942939
129200.0,1,17,6727192,6727175
129200.0,2,18,16209299,16209281
129200.0,3,16,14980749,14980733
129400.0,1,17,6744753,6744736
129400.0,2,18,16227911,16227893
129400.0,3,16,15020041,15020025
129600.0,1,17,6761073,6761056
129600.0,2,18,16245191,16245173
129600.0,3,16,15056521,15056505
129800.0,1,17,6776730,6776713
129800.0,2,18,16261751,16261733
129800.0,3,16,15091481,15091465
130000.0,1,17,6792251,6792234
130000.0,2,18,16278185,16278167
130000.0,3,16,15126175,15126159
130200.0,1,17,6808894,6808877
130200.0,2,18,16295807,16295789
130200.0,3,22,15163399,15163377
130400.0,1,17,6825163,6825146
130400.0,2,18,16313051,16313033
130400.0,3,16,15199781,15199765
130600.0,1,17,6841670,6841653
130600.0,2,18,16330511,16330493
130600.0,3,16,15236641,15236625
130800.0,1,17,6857565,6857548
130800.0,2,18,16347341,16347323
130800.0,3,16,15272171,15272155
131000.0,1,17,6875041,6875024
131000.0,2,18,16365845,16365827
131000.0,3,16,15311235,15311219
131200.0,1,17,6892143,6892126
131200.0,2,18,16383953,16383935
131200.0,3,22,15349485,15349463
131400.0,1,17,6908769,6908752
131400.0,2,18,16401557,16401539
131400.0,3,16,15386627,15386611
131600.0,1,17,6926466,6926449
131600.0,2,18,16420295,16420277
131600.0,3,22,15426207,15426185
131800.0,1,17,6943007,6942990
131800.0,2,18,16437809,16437791
131800.0,3,22,15463181,15463159
132000.0,1,17,6955111,6955094
132000.0,2,18,16450643,16450625
132000.0,3,22,15490237,15490215
132200.0,1,17,6972689,6972672
132200.0,2,18,16469237,16469219
132200.0,3,22,15529529,15529507
132400.0,1,17,6990862,6990845
132400.0,2,18,16488479,16488461
132400.0,3,22,15570151,15570129
132600.0,1,17,7009919,7009902
132600.0,2,18,16508657,16508639
132600.0,3,16,15612727,15612711
132800.0,1,17,7025848,7025831
132800.0,2,18,16525541,16525523
132800.0,3,22,15648355,15648333
133000.0,1,17,7037731,7037714
133000.0,2,18,16538123,16538105
133000.0,3,22,15674917,15674895
133200.0,1,17,7054765,7054748
133200.0,2,18,16556141,16556123
133200.0,3,16,15712971,15712955
133400.0,1,17,7063503,7063486
133400.0,2,18,16565393,16565375
133400.0,3,22,15767571,15767549
133600.0,1,17,7063503,7063486
133600.0,2,18,16565393,16565375
133600.0,3,22,15830843,15830821
133800.0,1,17,7063503,7063486
133800.0,2,18,16565393,16565375
133800.0,3,22,15887713,15887691
134000.0,1,17,7063503,7063486
134000.0,2,18,16565393,16565375
134000.0,3,22,15951997,15951975
134200.0,1,17,7063503,7063486
134200.0,2,18,16565393,16565375
134200.0,3,22,16012431,16012409
134400.0,1,17,7063503,7063486
134400.0,2,18,16565393,16565375
134400.0,3,22,16072579,16072557
134600.0,1,17,7076933,7076916
134600.0,2,18,16596993,16596975
134600.0,3,16,16097143,16097127
134800.0,1,17,7093559,7093542
134800.0,2,22,16636135,16636113
134800.0,3,16,16112791,16112775
135000.0,1,17,7110423,7110406
135000.0,2,22,16675815,16675793
135000.0,3,16,16128663,16128647
135200.0,1,17,7127304,7127287
135200.0,2,18,16715513,16715495
135200.0,3,16,16144551,16144535
135400.0,1,17,7143981,7143964
135400.0,2,18,16754793,16754775
135400.0,3,16,16160247,16160231
135600.0,1,17,7161117,7161100
135600.0,2,18,16795073,16795055
135600.0,3,16,16176375,16176359
135800.0,1,17,7179341,7179324
135800.0,2,22,16837975,16837953
135800.0,3,16,16193527,16193511
136000.0,1,17,7196766,7196749
136000.0,2,18,16878993,16878975
136000.0,3,16,16209943,16209927
136200.0,1,17,7214769,7214752
136200.0,2,18,16921353,16921335
136200.0,3,16,16226871,16226855
136400.0,1,17,7232466,7232449
136400.0,2,18,16962993,16962975
136400.0,3,16,16243543,16243527
136600.0,1,17,7249755,7249738
136600.0,2,18,17003633,17003615
136600.0,3,16,16259799,16259783
136800.0,1,17,7266806,7266789
136800.0,2,18,17043793,17043775
136800.0,3,16,16275863,16275847
137000.0,1,17,7283568,7283551
137000.0,2,18,17083233,17083215
137000.0,3,16,16291623,16291607
137200.0,1,17,7300228,7300211
137200.0,2,18,17122433,17122415
137200.0,3,16,16307303,16307287
137400.0,1,17,7317075,7317058
137400.0,2,18,17162033,17162015
137400.0,3,16,16323159,16323143
137600.0,1,17,7334806,7334789
137600.0,2,18,17203753,17203735
137600.0,3,16,16339847,16339831
137800.0,1,17,7335503,7335486
137800.0,2,22,17263539,17263517
137800.0,3,16,16340503,16340487
138000.0,1,17,7335503,7335486
138000.0,2,22,17327075,17327053
138000.0,3,16,16340503,16340487
138200.0,1,17,7335503,7335486
138200.0,2,22,17386189,17386167
138200.0,3,16,16340503,16340487
138400.0,1,17,7335503,7335486
138400.0,2,22,17445765,17445743
138400.0,3,16,16340503,16340487
138600.0,1,17,7335503,7335486
138600.0,2,22,17509345,17509323
138600.0,3,16,16340503,16340487
138800.0,1,17,7335503,7335486
138800.0,2,22,17568195,17568173
138800.0,3,16,16340503,16340487
139000.0,1,17,7335503,7335486
139000.0,2,22,17629641,17629619
139000.0,3,16,16340503,16340487
139200.0,1,17,7339328,7339311
139200.0,2,18,17682443,17682425
139200.0,3,22,16349075,16349053
139400.0,1,17,7356685,7356668
139400.0,2,18,17700821,17700803
139400.0,3,16,16387851,16387835
139600.0,1,17,7373753,7373736
139600.0,2,18,17718911,17718893
139600.0,3,22,16426025,16426003
139800.0,1,17,7391331,7391314
139800.0,2,18,17737505,17737487
139800.0,3,16,16465295,16465279
140000.0,1,17,7408688,7408671
140000.0,2,18,17755883,17755865
140000.0,3,16,16504093,16504077
140200.0,1,17,7424685,7424668
140200.0,2,18,17772821,17772803
140200.0,3,16,16539851,16539835
140400.0,1,17,7442025,7442008
140400.0,2,18,17791181,17791163
140400.0,3,22,16578633,16578611
140600.0,1,17,7459450,7459433
140600.0,2,18,17809631,17809613
140600.0,3,16,16617561,16617545
140800.0,1,17,7476671,7476654
140800.0,2,18,17827865,17827847
140800.0,3,16,16656055,16656039
141000.0,1,17,7493909,7493892
141000.0,2,18,17846117,17846099
141000.0,3,22,16694609,16694587
141200.0,1,17,7510739,7510722
141200.0,2,18,17863955,17863937
141200.0,3,16,16732245,16732229
141400.0,1,17,7528215,7528198
141400.0,2,18,17882459,17882441
141400.0,3,22,16771293,16771271
141600.0,1,17,7545759,7545742
141600.0,2,18,17901017,17900999
141600.0,3,16,16810487,16810471
141800.0,1,17,7563524,7563507
141800.0,2,18,17919845,17919827
141800.0,3,22,16850219,16850197
142000.0,1,17,7581629,7581612
142000.0,2,18,17938997,17938979
142000.0,3,16,16890667,16890651
142200.0,1,17,7598748,7598731
142200.0,2,18,17957123,17957105
142200.0,3,16,16928933,16928917
142400.0,1,17,7616428,7616411
142400.0,2,18,17975843,17975825
142400.0,3,16,16968453,16968437
142600.0,1,17,7634193,7634176
142600.0,2,18,17994653,17994635
142600.0,3,22,17008185,17008163
142800.0,1,17,7652247,7652230
142800.0,2,18,18013769,18013751
142800.0,3,16,17048519,17048503
143000.0,1,17,7669638,7669621
143000.0,2,18,18032183,18032165
143000.0,3,16,17087393,17087377
143200.0,1,17,7686825,7686808
143200.0,2,18,18050381,18050363
143200.0,3,22,17125833,17125811
143400.0,1,17,7701003,7700986
143400.0,2,18,18065393,18065375
143400.0,3,22,17167953,17167931
143600.0,1,17,7701003,7700986
143600.0,2,18,18065393,18065375
143600.0,3,22,17229575,17229553
143800.0,1,17,7701003,7700986
143800.0,2,18,18065393,18065375
143800.0,3,22,17290691,17290669
144000.0,1,17,7701003,7700986
144000.0,2,18,18065393,18065375
144000.0,3,22,17354095,17354073
144200.0,1,17,7701003,7700986
144200.0,2,18,18065393,18065375
144200.0,3,22,17415101,17415079
144400.0,1,17,7701003,7700986
144400.0,2,18,18065393,18065375
144400.0,3,22,17476437,17476415
144600.0,1,17,7708959,7708942
144600.0,2,18,18084113,18084095
144600.0,3,16,17516991,17516975
144800.0,1,17,7726214,7726197
144800.0,2,18,18124713,18124695
144800.0,3,16,17533231,17533215
145000.0,1,17,7744064,7744047
145000.0,2,18,18166713,18166695
145000.0,3,16,17550031,17550015
145200.0,1,17,7760809,7760792
145200.0,2,18,18206153,18206135
145200.0,3,16,17565791,17565775
145400.0,1,17,7778149,7778132
145400.0,2,18,18246913,18246895
145400.0,3,16,17582111,17582095
145600.0,1,17,7796577,7796560
145600.0,2,18,18290273,18290255
145600.0,3,16,17599455,17599439
145800.0,1,17,7813203,7813186
145800.0,2,18,18329433,18329415
145800.0,3,16,17615119,17615103
146000.0,1,17,7829948,7829931
146000.0,2,22,18368815,18368793
146000.0,3,16,17630863,17630847
146200.0,1,17,7847373,7847356
146200.0,2,18,18409833,18409815
146200.0,3,16,17647263,17647247
146400.0,1,17,7863846,7863829
146400.0,2,22,18448575,18448553
146400.0,3,16,17662767,17662751
146600.0,1,17,7881628,7881611
146600.0,2,18,18490433,18490415
146600.0,3,16,17679503,17679487
146800.0,1,17,7898985,7898968
146800.0,2,18,18531233,18531215
146800.0,3,16,17695839,17695823
147000.0,1,17,7908624,7908607
147000.0,2,22,18553935,18553913
147000.0,3,16,17704911,17704895
147200.0,1,17,7926508,7926491
147200.0,2,22,18596015,18595993
147200.0,3,16,17721743,17721727
147400.0,1,17,7945497,7945480
147400.0,2,18,18640713,18640695
147400.0,3,16,17739631,17739615
147600.0,1,17,7964401,7964384
147600.0,2,18,18685193,18685175
147600.0,3,16,17757423,17757407
147800.0,1,17,7973003,7972986
147800.0,2,22,18724093,18724071
147800.0,3,16,17765503,17765487
148000.0,1,17,7973003,7972986
148000.0,2,22,18784791,18784769
148000.0,3,16,17765503,17765487
148200.0,1,17,7973003,7972986
148200.0,2,22,18848855,18848833
148200.0,3,16,17765503,17765487
148400.0,1,17,7973003,7972986
148400.0,2,22,18898883,18898861
148400.0,3,16,17765503,17765487
148600.0,1,17,7973003,7972986
148600.0,2,22,18962111,18962089
148600.0,3,16,17765503,17765487
148800.0,1,17,7973003,7972986
148800.0,2,22,19026219,19026197
148800.0,3,16,17765503,17765487
149000.0,1,17,7973003,7972986
149000.0,2,22,19086433,19086411
149000.0,3,16,17765503,17765487
149200.0,1,17,7973003,7972986
149200.0,2,22,19146581,19146559
149200.0,3,16,17765503,17765487
149400.0,1,17,7981656,7981639
149400.0,2,18,19187573,19187555
149400.0,3,16,17784883,17784867
149600.0,1,17,7998503,7998486
149600.0,2,18,19205393,19205375
149600.0,3,16,17822503,17822487
149800.0,1,17,8016948,8016931
149800.0,2,18,19224923,19224905
149800.0,3,16,17863733,17863717
150000.0,1,17,8032809,8032792
150000.0,2,18,19241717,19241699
150000.0,3,16,17899187,17899171
150200.0,1,17,8048194,8048177
150200.0,2,18,19258025,19258007
150200.0,3,22,17933599,17933577
150400.0,1,17,8066537,8066520
150400.0,2,18,19277429,19277411
150400.0,3,22,17974601,17974579
150600.0,1,17,8084625,8084608
150600.0,2,18,19296581,19296563
150600.0,3,22,18015033,18015011
150800.0,1,17,8102271,8102254
150800.0,2,18,19315283,19315265
150800.0,3,22,18054477,18054455
151000.0,1,17,8119492,8119475
151000.0,2,18,19333517,19333499
151000.0,3,16,18092987,18092971
151200.0,1,17,8136475,8136458
151200.0,2,18,19351499,19351481
151200.0,3,22,18130933,18130911
151400.0,1,17,8153407,8153390
151400.0,2,18,19369409,19369391
151400.0,3,16,18168759,18168743
151600.0,1,17,8167364,8167347
151600.0,2,18,19384187,19384169
151600.0,3,16,18199957,18199941
151800.0,1,17,8185741,8185724
151800.0,2,18,19403645,19403627
151800.0,3,16,18241035,18241019
152000.0,1,17,8203506,8203489
152000.0,2,18,19422455,19422437
152000.0,3,16,18280745,18280729
152200.0,1,17,8219554,8219537
152200.0,2,18,19439447,19439429
152200.0,3,22,18316639,18316617
152400.0,1,17,8236520,8236503
152400.0,2,18,19457411,19457393
152400.0,3,16,18354541,18354525
152600.0,1,17,8253350,8253333
152600.0,2,18,19475231,19475213
152600.0,3,16,18392161,18392145
152800.0,1,17,8270418,8270401
152800.0,2,18,19493303,19493285
152800.0,3,22,18430335,18430313
153000.0,1,17,8286840,8286823
153000.0,2,18,19510691,19510673
153000.0,3,16,18467021,18467005
153200.0,1,17,8302225,8302208
153200.0,2,18,19526999,19526981
153200.0,3,22,18501433,18501411
153400.0,1,17,8318579,8318562
153400.0,2,18,19544297,19544279
153400.0,3,22,18537989,18537967
153600.0,1,17,8335528,8335511
153600.0,2,18,19562261,19562243
153600.0,3,22,18575875,18575853
153800.0,1,17,8338503,8338486
153800.0,2,18,19565393,19565375
153800.0,3,22,18628703,18628681
154000.0,1,17,8338503,8338486
154000.0,2,18,19565393,19565375
154000.0,3,22,18685111,18685089
154200.0,1,17,8338503,8338486
154200.0,2,18,19565393,19565375
154200.0,3,22,18742685,18742663
154400.0,1,17,8338503,8338486
154400.0,2,18,19565393,19565375
154400.0,3,22,18801623,18801601
154600.0,1,17,8338503,8338486
154600.0,2,18,19565393,19565375
154600.0,3,22,18854687,18854665
154800.0,1,17,8338503,8338486
154800.0,2,18,19565393,19565375
154800.0,3,22,18906277,18906255
155000.0,1,17,8347003,8346986
155000.0,2,18,19585393,19585375
155000.0,3,16,18942503,18942487
155200.0,1,17,8363578,8363561
155200.0,2,18,19624433,19624415
155200.0,3,16,18958103,18958087
155400.0,1,17,8380884,8380867
155400.0,2,22,19665135,19665113
155400.0,3,16,18974391,18974375
155600.0,1,17,8398156,8398139
155600.0,2,23,19706285,19706262
155600.0,3,16,18990647,18990631
155800.0,1,17,8415275,8415258
155800.0,2,23,19747572,19747549
155800.0,3,16,19006759,19006743
156000.0,1,17,8432394,8432377
156000.0,2,18,19788877,19788859
156000.0,3,16,19022871,19022855
156200.0,1,17,8449989,8449972
156200.0,2,18,19831312,19831294
156200.0,3,16,19039431,19039415
156400.0,1,17,8468179,8468162
156400.0,2,23,19875164,19875141
156400.0,3,16,19056551,19056535
156600.0,1,17,8486250,8486233
156600.0,2,18,19918724,19918706
156600.0,3,16,19073559,19073543
156800.0,1,17,8503573,8503556
156800.0,2,18,19960503,19960485
156800.0,3,16,19089863,19089847
157000.0,1,17,8520879,8520862
157000.0,2,18,20002282,20002264
157000.0,3,16,19106151,19106135
157200.0,1,17,8538865,8538848
157200.0,2,23,20045642,20045619
157200.0,3,16,19123079,19123063
157400.0,1,17,8556698,8556681
157400.0,2,18,20088628,20088610
157400.0,3,16,19139863,19139847
157600.0,1,17,8574191,8574174
157600.0,2,18,20130858,20130840
157600.0,3,16,19156327,19156311
157800.0,1,17,8591242,8591225
157800.0,2,23,20171963,20171940
157800.0,3,16,19172375,19172359
158000.0,1,17,8607902,8607885
158000.0,2,23,20212143,20212120
158000.0,3,16,19188055,19188039
158200.0,1,17,8610503,8610486
158200.0,2,23,20267337,20267314
158200.0,3,16,19190503,19190487
158400.0,1,17,8610503,8610486
158400.0,2,23,20319961,20319938
158400.0,3,16,19190503,19190487
158600.0,1,17,8610503,8610486
158600.0,2,23,20388087,20388064
158600.0,3,16,19190503,19190487
158800.0,1,17,8610503,8610486
158800.0,2,23,20455661,20455638
158800.0,3,16,19190503,19190487
159000.0,1,17,8610503,8610486
159000.0,2,23,20521211,20521188
159000.0,3,16,19190503,19190487
159200.0,1,17,8610503,8610486
159200.0,2,23,20583748,20583725
159200.0,3,16,19190503,19190487
159400.0,1,17,8610503,8610486
159400.0,2,23,20649988,20649965
159400.0,3,16,19190503,19190487
159600.0,1,17,8610877,8610860
159600.0,2,18,20713307,20713289
159600.0,3,23,19191384,19191361
159800.0,1,17,8628421,8628404
159800.0,2,18,20731865,20731847
159800.0,3,23,19231632,19231609
160000.0,1,17,8646560,8646543
160000.0,2,18,20751071,20751053
160000.0,3,16,19273222,19273206
160200.0,1,17,8664716,8664699
160200.0,2,18,20770313,20770295
160200.0,3,23,19314897,19314874
160400.0,1,17,8683042,8683025
160400.0,2,18,20789699,20789681
160400.0,3,23,19356939,19356916
160600.0,1,17,8700297,8700280
160600.0,2,18,20807969,20807951
160600.0,3,23,19396524,19396501
160800.0,1,17,8718062,8718045
160800.0,2,18,20826779,20826761
160800.0,3,16,19437256,19437240
161000.0,1,17,8735725,8735708
161000.0,2,18,20845481,20845463
161000.0,3,16,19477777,19477761
161200.0,1,17,8753099,8753082
161200.0,2,18,20863877,20863859
161200.0,3,23,19517658,19517635
161400.0,1,17,8769181,8769164
161400.0,2,18,20880923,20880905
161400.0,3,16,19554568,19554552
161600.0,1,17,8786674,8786657
161600.0,2,18,20899445,20899427
161600.0,3,16,19594699,19594683
161800.0,1,17,8804031,8804014
161800.0,2,18,20917805,20917787
161800.0,3,16,19634479,19634463
162000.0,1,17,8820759,8820742
162000.0,2,18,20935535,20935517
162000.0,3,16,19672894,19672878
162200.0,1,17,8837878,8837861
162200.0,2,18,20953661,20953643
162200.0,3,16,19712167,19712151
162400.0,1,17,8854147,8854130
162400.0,2,18,20970887,20970869
162400.0,3,16,19749490,19749474
162600.0,1,17,8871283,8871266
162600.0,2,18,20989013,20988995
162600.0,3,16,19788763,19788747
162800.0,1,17,8888079,8888062
162800.0,2,18,21006797,21006779
162800.0,3,16,19827295,19827279
163000.0,1,17,8904739,8904722
163000.0,2,18,21024437,21024419
163000.0,3,16,19865515,19865499
163200.0,1,17,8922096,8922079
163200.0,2,18,21042815,21042797
163200.0,3,16,19905334,19905318
163400.0,1,17,8939623,8939606
163400.0,2,18,21061391,21061373
163400.0,3,16,19945582,19945566
163600.0,1,17,8956606,8956589
163600.0,2,18,21079355,21079337
163600.0,3,23,19984527,19984504
163800.0,1,17,8973623,8973606
163800.0,2,18,21097373,21097355
163800.0,3,16,20023543,20023527
164000.0,1,17,8976003,8975986
164000.0,2,18,21099893,21099875
164000.0,3,23,20085284,20085261
164200.0,1,17,8976003,8975986
164200.0,2,18,21099893,21099875
164200.0,3,23,20149753,20149730
164400.0,1,17,8976003,8975986
164400.0,2,18,21099893,21099875
164400.0,3,23,20211830,20211807
164600.0,1,17,8976003,8975986
164600.0,2,18,21099893,21099875
164600.0,3,23,20277265,20277242
164800.0,1,17,8976003,8975986
164800.0,2,18,21099893,21099875
164800.0,3,23,20342194,20342171
165000.0,1,17,8976003,8975986
165000.0,2,18,21099893,21099875
165000.0,3,23,20407422,20407399
165200.0,1,17,8993326,8993309
165200.0,2,18,21141672,21141654
165200.0,3,16,20424807,20424791
165400.0,1,17,9011176,9011159
165400.0,2,18,21184763,21184745
165400.0,3,16,20441623,20441607
165600.0,1,17,9028822,9028805
165600.0,2,18,21227280,21227262
165600.0,3,16,20458215,20458199
165800.0,1,17,9046519,9046502
165800.0,2,18,21269961,21269943
165800.0,3,16,20474871,20474855
166000.0,1,17,9064182,9064165
166000.0,2,18,21312560,21312542
166000.0,3,16,20491495,20491479
166200.0,1,17,9081386,9081369
166200.0,2,23,21354075,21354052
166200.0,3,16,20507687,20507671
166400.0,1,17,9098964,9098947
166400.0,2,18,21396446,21396428
166400.0,3,16,20524231,20524215
166600.0,1,17,9116797,9116780
166600.0,2,18,21439496,21439478
166600.0,3,16,20541031,20541015
166800.0,1,17,9134698,9134681
166800.0,2,18,21482669,21482651
166800.0,3,16,20557879,20557863
167000.0,1,17,9152293,9152276
167000.0,2,23,21525086,21525063
167000.0,3,16,20574423,20574407
167200.0,1,17,9169718,9169701
167200.0,2,18,21567088,21567070
167200.0,3,16,20590823,20590807
167400.0,1,17,9187041,9187024
167400.0,2,18,21608867,21608849
167400.0,3,16,20607127,20607111
167600.0,1,17,9204585,9204568
167600.0,2,18,21651179,21651161
167600.0,3,16,20623639,20623623
167800.0,1,17,9222197,9222180
167800.0,2,18,21693655,21693637
167800.0,3,16,20640215,20640199
168000.0,1,17,9239622,9239605
168000.0,2,18,21735721,21735703
168000.0,3,16,20656615,20656599
168200.0,1,17,9256503,9256486
168200.0,2,23,21777980,21777957
168200.0,3,16,20672503,20672487
168400.0,1,17,9256503,9256486
168400.0,2,23,21843162,21843139
168400.0,3,16,20672503,20672487
168600.0,1,17,9256503,9256486
168600.0,2,23,21906159,21906136
168600.0,3,16,20672503,20672487
168800.0,1,17,9256503,9256486
168800.0,2,23,21968719,21968696
168800.0,3,16,20672503,20672487
169000.0,1,17,9256503,9256486
169000.0,2,23,22030865,22030842
169000.0,3,16,20672503,20672487
169200.0,1,17,9256503,9256486
169200.0,2,23,22095587,22095564
169200.0,3,16,20672503,20672487
169400.0,1,17,9256503,9256486
169400.0,2,23,22160309,22160286
169400.0,3,16,20672503,20672487
169600.0,1,17,9256503,9256486
169600.0,2,23,22225077,22225054
169600.0,3,16,20672503,20672487
169800.0,1,17,9261433,9261416
169800.0,2,18,22276131,22276113
169800.0,3,23,20683836,20683813
170000.0,1,17,9278943,9278926
170000.0,2,18,22294653,22294635
170000.0,3,23,20724006,20723983
170200.0,1,17,9296385,9296368
170200.0,2,18,22313121,22313103
170200.0,3,16,20763997,20763981
170400.0,1,17,9313776,9313759
170400.0,2,18,22331535,22331517
170400.0,3,16,20803894,20803878
170600.0,1,17,9331575,9331558
170600.0,2,18,22350399,22350381
170600.0,3,16,20844766,20844750
170800.0,1,17,9349153,9349136
170800.0,2,18,22369011,22368993
170800.0,3,16,20885092,20885076
171000.0,1,17,9367054,9367037
171000.0,2,18,22387947,22387929
171000.0,3,23,20926143,20926120
171200.0,1,17,9383680,9383663
171200.0,2,18,22405569,22405551
171200.0,3,23,20964285,20964262
171400.0,1,17,9401598,9401581
171400.0,2,18,22424523,22424505
171400.0,3,16,21005368,21005352
171600.0,1,17,9419482,9419465
171600.0,2,18,22443459,22443441
171600.0,3,23,21046419,21046396
171800.0,1,17,9437774,9437757
171800.0,2,18,22462845,22462827
171800.0,3,16,21088399,21088383
172000.0,1,17,9454876,9454859
172000.0,2,18,22480935,22480917
172000.0,3,23,21127617,21127594
172200.0,1,17,9471179,9471162
172200.0,2,18,22498197,22498179
172200.0,3,23,21165018,21164995
172400.0,1,17,9487091,9487074
172400.0,2,18,22515063,22515045
172400.0,3,16,21201538,21201522
172600.0,1,17,9504278,9504261
172600.0,2,18,22533243,22533225
172600.0,3,16,21240928,21240912
172800.0,1,17,9521278,9521261
172800.0,2,18,22551243,22551225
172800.0,3,16,21279928,21279912
173000.0,1,17,9538380,9538363
173000.0,2,18,22569351,22569333
173000.0,3,16,21319162,21319146
173200.0,1,17,9554309,9554292
173200.0,2,18,22586217,22586199
173200.0,3,23,21355728,21355705
173400.0,1,17,9570833,9570816
173400.0,2,18,22603713,22603695
173400.0,3,23,21393636,21393613
173600.0,1,17,9587663,9587646
173600.0,2,18,22621533,22621515
173600.0,3,23,21432246,21432223
173800.0,1,17,9604663,9604646
173800.0,2,18,22639533,22639515
173800.0,3,16,21471223,21471207
174000.0,1,17,9621306,9621289
174000.0,2,18,22657173,22657155
174000.0,3,16,21509443,21509427
174200.0,1,17,9622003,9621986
174200.0,2,18,22657893,22657875
174200.0,3,23,21575173,21575150
174400.0,1,17,9622003,9621986
174400.0,2,18,22657893,22657875
174400.0,3,23,21639205,21639182
174600.0,1,17,9622003,9621986
174600.0,2,18,22657893,22657875
174600.0,3,23,21704571,21704548
174800.0,1,17,9622003,9621986
174800.0,2,18,22657893,22657875
174800.0,3,23,21767821,21767798
175000.0,1,17,9622003,9621986
175000.0,2,18,22657893,22657875
175000.0,3,23,21835717,21835694
175200.0,1,17,9624893,9624876
175200.0,2,23,22664886,22664863
175200.0,3,16,21893223,21893207
175400.0,1,17,9642335,9642318
175400.0,2,18,22706970,22706952
175400.0,3,16,21909639,21909623
175600.0,1,17,9660185,9660168
175600.0,2,18,22750020,22750002
175600.0,3,16,21926455,21926439
175800.0,1,17,9675723,9675706
175800.0,2,18,22787453,22787435
175800.0,3,16,21941063,21941047
176000.0,1,17,9693284,9693267
176000.0,2,18,22829806,22829788
176000.0,3,16,21957591,21957575
176200.0,1,17,9711253,9711236
176200.0,2,18,22873143,22873125
176200.0,3,16,21974503,21974487
176400.0,1,17,9729188,9729171
176400.0,2,18,22916398,22916380
176400.0,3,16,21991383,21991367
176600.0,1,17,9747123,9747106
176600.0,2,18,22959653,22959635
176600.0,3,16,22008263,22008247
176800.0,1,17,9764667,9764650
176800.0,2,18,23002006,23001988
176800.0,3,16,22024775,22024759
177000.0,1,17,9780732,9780715
177000.0,2,18,23040710,23040692
177000.0,3,16,22039895,22039879
177200.0,1,17,9797698,9797681
177200.0,2,23,23081651,23081628
177200.0,3,16,22055863,22055847
177400.0,1,17,9814953,9814936
177400.0,2,23,23123266,23123243
177400.0,3,16,22072103,22072087
177600.0,1,17,9832259,9832242
177600.0,2,18,23164981,23164963
177600.0,3,16,22088391,22088375
177800.0,1,17,9849055,9849038
177800.0,2,23,23205512,23205489
177800.0,3,16,22104199,22104183
178000.0,1,17,9866820,9866803
178000.0,2,23,23248357,23248334
178000.0,3,16,22120919,22120903
178200.0,1,17,9884704,9884687
178200.0,2,18,23291507,23291489
178200.0,3,16,22137767,22137751
178400.0,1,17,9899919,9899902
178400.0,2,23,23328184,23328161
178400.0,3,16,22152071,22152055
178600.0,1,17,9902503,9902486
178600.0,2,23,23383820,23383797
178600.0,3,16,22154503,22154487
178800.0,1,17,9902503,9902486
178800.0,2,23,23449278,23449255
178800.0,3,16,22154503,22154487
179000.0,1,17,9902503,9902486
179000.0,2,23,23510688,23510665
179000.0,3,16,22154503,22154487
179200.0,1,17,9902503,9902486
179200.0,2,23,23571661,23571638
179200.0,3,16,22154503,22154487
179400.0,1,17,9902503,9902486
179400.0,2,23,23616511,23616488
179400.0,3,16,22154503,22154487
179600.0,1,17,9902503,9902486
179600.0,2,23,23655864,23655841
179600.0,3,16,22154503,22154487
179800.0,1,17,9902503,9902486
179800.0,2,23,23722794,23722771
179800.0,3,16,22154503,22154487
180000.0,1,17,9902503,9902486
180000.0,2,23,23787056,23787033
180000.0,3,16,22154503,22154487
180200.0,1,17,9906192,9906175
180200.0,2,18,23832799,23832781
180200.0,3,16,22162966,22162950
180400.0,1,17,9918347,9918330
180400.0,2,18,23845669,23845651
180400.0,3,16,22190851,22190835
180600.0,1,17,9936163,9936146
180600.0,2,18,23864551,23864533
180600.0,3,23,22231746,22231723
180800.0,1,17,9954489,9954472
180800.0,2,18,23883937,23883919
180800.0,3,23,22273788,22273765
181000.0,1,17,9972135,9972118
181000.0,2,18,23902621,23902603
181000.0,3,16,22314247,22314231
181200.0,1,17,9986857,9986840
181200.0,2,18,23918227,23918209
181200.0,3,23,22348044,22348021
181400.0,1,17,10004078,10004061
181400.0,2,18,23936443,23936425
181400.0,3,16,22387528,22387512
181600.0,1,17,10021350,10021333
181600.0,2,18,23954731,23954713
181600.0,3,23,22427175,22427152
181800.0,1,17,10034933,10034916
181800.0,2,18,23969131,23969113
181800.0,3,23,22458336,22458313
182000.0,1,17,10051304,10051287
182000.0,2,18,23986447,23986429
182000.0,3,23,22495893,22495870
182200.0,1,17,10068559,10068542
182200.0,2,18,24004735,24004717
182200.0,3,16,22535494,22535478
182400.0,1,17,10086222,10086205
182400.0,2,18,24023419,24023401
182400.0,3,23,22575999,22575976
182600.0,1,17,10103341,10103324
182600.0,2,18,24041563,24041545
182600.0,3,23,22615272,22615249
182800.0,1,17,10120137,10120120
182800.0,2,18,24059329,24059311
182800.0,3,16,22653781,22653765
183000.0,1,17,10137307,10137290
183000.0,2,18,24077527,24077509
183000.0,3,16,22693210,22693194
183200.0,1,17,10154205,10154188
183200.0,2,18,24095419,24095401
183200.0,3,23,22731960,22731937
183400.0,1,17,10171086,10171069
183400.0,2,18,24113293,24113275
183400.0,3,23,22770687,22770664
183600.0,1,17,10189174,10189157
183600.0,2,18,24132427,24132409
183600.0,3,23,22812183,22812160
183800.0,1,17,10206361,10206344
183800.0,2,18,24150643,24150625
183800.0,3,23,22851612,22851589
184000.0,1,17,10223973,10223956
184000.0,2,18,24169273,24169255
184000.0,3,23,22892016,22891993
184200.0,1,17,10241449,10241432
184200.0,2,18,24187795,24187777
184200.0,3,23,22932108,22932085
184400.0,1,17,10258704,10258687
184400.0,2,18,24206047,24206029
184400.0,3,16,22971670,22971654
184600.0,1,17,10268003,10267986
184600.0,2,18,24215893,24215875
184600.0,3,23,23021546,23021523
184800.0,1,17,10268003,10267986
184800.0,2,18,24215893,24215875
184800.0,3,23,23084681,23084658
185000.0,1,17,10268003,10267986
185000.0,2,18,24215893,24215875
185000.0,3,23,23150944,23150921
185200.0,1,17,10268003,10267986
185200.0,2,18,24215893,24215875
185200.0,3,23,23214677,23214654
185400.0,1,17,10268003,10267986
185400.0,2,18,24215893,24215875
185400.0,3,23,23281998,23281975
185600.0,1,17,10268003,10267986
185600.0,2,18,24215893,24215875
185600.0,3,23,23345892,23345869
185800.0,1,17,10278594,10278577
185800.0,2,18,24241477,24241459
185800.0,3,16,23382471,23382455
186000.0,1,17,10296223,10296206
186000.0,2,18,24283953,24283935
186000.0,3,16,23399063,23399047
186200.0,1,17,10313716,10313699
186200.0,2,18,24326142,24326124
186200.0,3,16,23415527,23415511
186400.0,1,17,10331498,10331481
186400.0,2,18,24369069,24369051
186400.0,3,16,23432279,23432263
186600.0,1,17,10348957,10348940
186600.0,2,18,24411176,24411158
186600.0,3,16,23448711,23448695
186800.0,1,17,10367164,10367147
186800.0,2,18,24455087,24455069
186800.0,3,16,23465847,23465831
187000.0,1,17,10385422,10385405
187000.0,2,18,24499080,24499062
187000.0,3,16,23483015,23482999
187200.0,1,17,10402881,10402864
187200.0,2,23,24541210,24541187
187200.0,3,16,23499447,23499431
187400.0,1,17,10420136,10420119
187400.0,2,18,24582802,24582784
187400.0,3,16,23515687,23515671
187600.0,1,17,10437493,10437476
187600.0,2,23,24624686,24624663
187600.0,3,16,23532023,23532007
187800.0,1,17,10454799,10454782
187800.0,2,18,24666401,24666383
187800.0,3,16,23548311,23548295
188000.0,1,17,10472037,10472020
188000.0,2,18,24708016,24707998
188000.0,3,16,23564535,23564519
188200.0,1,17,10489734,10489717
188200.0,2,18,24750656,24750638
188200.0,3,16,23581191,23581175
188400.0,1,17,10507057,10507040
188400.0,2,18,24792435,24792417
188400.0,3,16,23597495,23597479
188600.0,1,17,10524635,10524618
188600.0,2,18,24834829,24834811
188600.0,3,16,23614039,23614023
188800.0,1,17,10542264,10542247
188800.0,2,18,24877346,24877328
188800.0,3,16,23630631,23630615
189000.0,1,17,10548503,10548486
189000.0,2,23,24932091,24932068
189000.0,3,16,23636503,23636487
189200.0,1,17,10548503,10548486
189200.0,2,23,24993110,24993087
189200.0,3,16,23636503,23636487
189400.0,1,17,10548503,10548486
189400.0,2,23,25056360,25056337
189400.0,3,16,23636503,23636487
189600.0,1,17,10548503,10548486
189600.0,2,23,25121289,25121266
189600.0,3,16,23636503,23636487
189800.0,1,17,10548503,10548486
189800.0,2,23,25188380,25188357
189800.0,3,16,23636503,23636487
190000.0,1,17,10548503,10548486
190000.0,2,23,25253010,25252987
190000.0,3,16,23636503,23636487
190200.0,1,17,10548503,10548486
190200.0,2,23,25316168,25316145
190200.0,3,16,23636503,23636487
190400.0,1,17,10548503,10548486
190400.0,2,23,25379924,25379901
190400.0,3,16,23636503,23636487
190600.0,1,17,10564262,10564245
190600.0,2,18,25403597,25403579
190600.0,3,16,23672695,23672679
190800.0,1,17,10582299,10582282
190800.0,2,18,25422677,25422659
190800.0,3,16,23714035,23714019
191000.0,1,17,10600591,10600574
191000.0,2,18,25442045,25442027
191000.0,3,23,23756022,23755999
191200.0,1,17,10617642,10617625
191200.0,2,18,25460099,25460081
191200.0,3,23,23795139,23795116
191400.0,1,17,10634302,10634285
191400.0,2,18,25477757,25477739
191400.0,3,16,23833375,23833359
191600.0,1,17,10652203,10652186
191600.0,2,18,25496711,25496693
191600.0,3,16,23874442,23874426
191800.0,1,17,10668421,10668404
191800.0,2,18,25513883,25513865
191800.0,3,23,23911632,23911609
192000.0,1,17,10685166,10685149
192000.0,2,18,25531613,25531595
192000.0,3,23,23950047,23950024
192200.0,1,17,10701605,10701588
192200.0,2,18,25549001,25548983
192200.0,3,23,23987760,23987737
192400.0,1,17,10718163,10718146
192400.0,2,18,25566551,25566533
192400.0,3,23,24025746,24025723
192600.0,1,17,10735962,10735945
192600.0,2,18,25585379,25585361
192600.0,3,23,24066579,24066556
192800.0,1,17,10752843,10752826
192800.0,2,18,25603271,25603253
192800.0,3,16,24105322,24105306
193000.0,1,17,10769962,10769945
193000.0,2,18,25621379,25621361
193000.0,3,16,24144556,24144540
193200.0,1,17,10787523,10787506
193200.0,2,18,25639991,25639973
193200.0,3,16,24184882,24184866
193400.0,1,17,10805322,10805305
193400.0,2,18,25658819,25658801
193400.0,3,16,24225676,24225660
193600.0,1,17,10822764,10822747
193600.0,2,18,25677287,25677269
193600.0,3,23,24265713,24265690
193800.0,1,17,10839985,10839968
193800.0,2,18,25695539,25695521
193800.0,3,16,24305236,24305220
194000.0,1,17,10857393,10857376
194000.0,2,18,25713953,25713935
194000.0,3,16,24345133,24345117
194200.0,1,17,10875039,10875022
194200.0,2,18,25732655,25732637
194200.0,3,23,24385638,24385615
194400.0,1,17,10892872,10892855
194400.0,2,18,25751537,25751519
194400.0,3,23,24426549,24426526
194600.0,1,17,10910756,10910739
194600.0,2,18,25770455,25770437
194600.0,3,23,24467577,24467554
194800.0,1,17,10914003,10913986
194800.0,2,18,25773893,25773875
194800.0,3,23,24529559,24529536
195000.0,1,17,10914003,10913986
195000.0,2,18,25773893,25773875
195000.0,3,23,24593706,24593683
195200.0,1,17,10914003,10913986
195200.0,2,18,25773893,25773875
195200.0,3,23,24658267,24658244
195400.0,1,17,10914003,10913986
195400.0,2,18,25773893,25773875
195400.0,3,23,24719654,24719631
195600.0,1,17,10914003,10913986
195600.0,2,18,25773893,25773875
195600.0,3,23,24783318,24783295
195800.0,1,17,10914003,10913986
195800.0,2,18,25773893,25773875
195800.0,3,23,24849949,24849926
196000.0,1,17,10929320,10929303
196000.0,2,18,25810875,25810857
196000.0,3,16,24868919,24868903
196200.0,1,17,10946014,10945997
196200.0,2,18,25851137,25851119
196200.0,3,16,24884647,24884631
196400.0,1,17,10963354,10963337
196400.0,2,18,25892957,25892939
196400.0,3,16,24900967,24900951
196600.0,1,17,10981017,10981000
196600.0,2,18,25935556,25935538
196600.0,3,16,24917591,24917575
196800.0,1,17,10997847,10997830
196800.0,2,18,25976105,25976087
196800.0,3,16,24933415,24933399
197000.0,1,17,11015867,11015850
197000.0,2,18,26019565,26019547
197000.0,3,16,24950375,24950359
197200.0,1,17,11033649,11033632
197200.0,2,18,26062451,26062433
197200.0,3,16,24967111,24967095
197400.0,1,17,11050921,11050904
197400.0,2,23,26104130,26104107
197400.0,3,16,24983367,24983351
197600.0,1,17,11068278,11068261
197600.0,2,18,26145968,26145950
197600.0,3,16,24999703,24999687
197800.0,1,17,11085601,11085584
197800.0,2,23,26187770,26187747
197800.0,3,16,25016007,25015991
198000.0,1,17,11103298,11103281
198000.0,2,18,26230469,26230451
198000.0,3,16,25032663,25032647
198200.0,1,17,11120604,11120587
198200.0,2,23,26272189,26272166
198200.0,3,16,25048951,25048935
198400.0,1,17,11138420,11138403
198400.0,2,23,26315157,26315134
198400.0,3,16,25065719,25065703
198600.0,1,17,11156491,11156474
198600.0,2,18,26358758,26358740
198600.0,3,16,25082727,25082711
198800.0,1,17,11174001,11173984
198800.0,2,18,26400988,26400970
198800.0,3,16,25099223,25099207
199000.0,1,17,11192089,11192072
199000.0,2,18,26444571,26444553
199000.0,3,16,25116231,25116215
199200.0,1,17,11194503,11194486
199200.0,2,23,26505639,26505616
199200.0,3,16,25118503,25118487
199400.0,1,17,11194503,11194486
199400.0,2,23,26570430,26570407
199400.0,3,16,25118503,25118487
199600.0,1,17,11194503,11194486
199600.0,2,23,26635060,26635037
199600.0,3,16,25118503,25118487
199800.0,1,17,11194503,11194486
199800.0,2,23,26702726,26702703
199800.0,3,16,25118503,25118487
200000.0,1,17,11194503,11194486
200000.0,2,23,26770576,26770553
200000.0,3,16,25118503,25118487
200200.0,1,17,11194503,11194486
200200.0,2,23,26837391,26837368
200200.0,3,16,25118503,25118487
200400.0,1,17,11194503,11194486
200400.0,2,23,26902734,26902711
200400.0,3,16,25118503,25118487
200600.0,1,17,11200317,11200300
200600.0,2,18,26951049,26951031
200600.0,3,23,25131864,25131841
200800.0,1,17,11217045,11217028
200800.0,2,18,26968761,26968743
200800.0,3,16,25170217,25170201
201000.0,1,17,11234198,11234181
201000.0,2,18,26986941,26986923
201000.0,3,23,25209591,25209568
201200.0,1,17,11250059,11250042
201200.0,2,18,27003717,27003699
201200.0,3,16,25245955,25245939
201400.0,1,17,11260276,11260259
201400.0,2,18,27014535,27014517
201400.0,3,23,25269417,25269394
201600.0,1,17,11275491,11275474
201600.0,2,18,27030645,27030627
201600.0,3,23,25304322,25304299
201800.0,1,17,11293732,11293715
201800.0,2,18,27049959,27049941
201800.0,3,23,25346169,25346146
202000.0,1,17,11311769,11311752
202000.0,2,18,27069057,27069039
202000.0,3,16,25387525,25387509
202200.0,1,17,11327358,11327341
202200.0,2,18,27085563,27085545
202200.0,3,16,25423288,25423272
202400.0,1,17,11345854,11345837
202400.0,2,18,27105165,27105147
202400.0,3,23,25465743,25465720
202600.0,1,17,11363109,11363092
202600.0,2,18,27123435,27123417
202600.0,3,23,25505328,25505305
202800.0,1,17,11380483,11380466
202800.0,2,18,27141813,27141795
202800.0,3,23,25545186,25545163
203000.0,1,17,11397636,11397619
203000.0,2,18,27159975,27159957
203000.0,3,23,25584537,25584514
203200.0,1,17,11414466,11414449
203200.0,2,18,27177795,27177777
203200.0,3,16,25623124,25623108
203400.0,1,17,11431279,11431262
203400.0,2,18,27195597,27195579
203400.0,3,23,25661718,25661695
203600.0,1,17,11448007,11447990
203600.0,2,18,27213309,27213291
203600.0,3,16,25700071,25700055
203800.0,1,17,11465109,11465092
203800.0,2,18,27231435,27231417
203800.0,3,23,25739328,25739305
204000.0,1,17,11482500,11482483
204000.0,2,18,27249831,27249813
204000.0,3,16,25779202,25779186
204200.0,1,17,11499653,11499636
204200.0,2,18,27267993,27267975
204200.0,3,16,25818553,25818537
204400.0,1,17,11516925,11516908
204400.0,2,18,27286299,27286281
204400.0,3,16,25858216,25858200
204600.0,1,17,11533857,11533840
204600.0,2,18,27304209,27304191
204600.0,3,23,25897044,25897021
204800.0,1,17,11550806,11550789
204800.0,2,18,27322155,27322137
204800.0,3,23,25935927,25935904
205000.0,1,17,11560003,11559986
205000.0,2,18,27331893,27331875
205000.0,3,23,25988697,25988674
205200.0,1,17,11560003,11559986
205200.0,2,18,27331893,27331875
205200.0,3,23,26052913,26052890
205400.0,1,17,11560003,11559986
205400.0,2,18,27331893,27331875
205400.0,3,23,26116554,26116531
205600.0,1,17,11560003,11559986
205600.0,2,18,27331893,27331875
205600.0,3,23,26177987,26177964
205800.0,1,17,11560003,11559986
205800.0,2,18,27331893,27331875
205800.0,3,23,26241904,26241881
206000.0,1,17,11560003,11559986
206000.0,2,18,27331893,27331875
206000.0,3,23,26305591,26305568
206200.0,1,17,11568622,11568605
206200.0,2,18,27352680,27352662
206200.0,3,16,26344615,26344599
206400.0,1,17,11585826,11585809
206400.0,2,18,27394213,27394195
206400.0,3,16,26360807,26360791
206600.0,1,17,11603387,11603370
206600.0,2,18,27436566,27436548
206600.0,3,16,26377351,26377335
206800.0,1,17,11621033,11621016
206800.0,2,18,27479124,27479106
206800.0,3,16,26393959,26393943
207000.0,1,17,11635347,11635330
207000.0,2,18,27513646,27513628
207000.0,3,16,26407431,26407415
207200.0,1,17,11652262,11652245
207200.0,2,18,27554441,27554423
207200.0,3,16,26423335,26423319
207400.0,1,17,11669262,11669245
207400.0,2,18,27595400,27595382
207400.0,3,16,26439335,26439319
207600.0,1,17,11686177,11686160
207600.0,2,18,27636236,27636218
207600.0,3,16,26455255,26455239
207800.0,1,17,11703415,11703398
207800.0,2,18,27677810,27677792
207800.0,3,16,26471479,26471463
208000.0,1,17,11720891,11720874
208000.0,2,18,27719917,27719899
208000.0,3,16,26487927,26487911
208200.0,1,17,11738333,11738316
208200.0,2,18,27762024,27762006
208200.0,3,16,26504343,26504327
208400.0,1,17,11752630,11752613
208400.0,2,18,27796505,27796487
208400.0,3,16,26517815,26517799
208600.0,1,17,11770412,11770395
208600.0,2,18,27839391,27839373
208600.0,3,16,26534551,26534535
208800.0,1,17,11788330,11788313
208800.0,2,18,27882564,27882546
208800.0,3,16,26551399,26551383
209000.0,1,17,11805857,11805840
209000.0,2,18,27924876,27924858
209000.0,3,16,26567911,26567895
209200.0,1,17,11822874,11822857
209200.0,2,18,27965917,27965899
209200.0,3,16,26583911,26583895
209400.0,1,17,11840503,11840486
209400.0,2,23,28008416,28008393
209400.0,3,16,26600503,26600487
209600.0,1,17,11840503,11840486
209600.0,2,23,28070401,28070378
209600.0,3,16,26600503,26600487
209800.0,1,17,11852879,11852862
209800.0,2,18,28101997,28101979
209800.0,3,23,26628918,26628895
210000.0,1,17,11867720,11867703
210000.0,2,18,28117711,28117693
210000.0,3,16,26662942,26662926
210200.0,1,17,11880589,11880572
210200.0,2,18,28131337,28131319
210200.0,3,16,26692465,26692449
210400.0,1,17,11897776,11897759
210400.0,2,18,28149535,28149517
210400.0,3,23,26731917,26731894
210600.0,1,17,11900003,11899986
210600.0,2,18,28151893,28151875
210600.0,3,16,26737003,26736987
227200.0,1,17,11900003,11899986
227200.0,2,18,28151893,28151875
227200.0,3,16,26737003,26736987
227400.0,1,17,11900003,11899986
227400.0,2,18,28151893,28151875
227400.0,3,16,26737003,26736987
